CATEGORY,MRP,product code,product name,DISCOUNT,GST,selling rate excl gst,hsn,
Chocolate,440,0041,0041 Chocolate almonds (96 GMs),15,18,317,180610,
Chocolate,436,0042,0042 Chocolate Roasted Cashew (96 Gms),10,18,333,180610,
Chocolate,470,0045,0045 Effete Almonds Chocolate  (96 Gms),15,18,339,180610,
Chocolate,495,0046,0046 Effete Hazelnuts Chocolate (96 Gms),15,18,357,180610,
Chocolate,310,0047,0047 Effete Peanut Chocolate (96 Gms),0,18,263,180610,
"Jams, Honey & Spreads",408,0051,0051 Strawberry spread (350 Gms),5,18,328,180610,
"Jams, Honey & Spreads",408,0052,0052 Milk Spread (350 Gms),5,18,328,180610,
"Jams, Honey & Spreads",475,0053,0053 Chocotown Spreads Cocoa spread,15,18,342,180610,
"Jams, Honey & Spreads",606,0054,0054 Choco Nutri Chocolate Spreads - Premium Hazelnuts Spreads - 350 gm,15,18,437,180610,
Kitchen,660,0057,0057 Digital Weighing Scale (10 Kg),30,18,392,392410,
"Kitchen Storage, Container & Rack",599,0058,0058 Electric lunch box,0,18,508,851690,
"Kitchen Storage, Container & Rack",564,0061,0061 Spice bottle 6pcs,30,18,335,392410,
"Kitchen Storage, Container & Rack",440,0062,0062 Smart Baskets for Storage(Set of 3),0,18,373,392690,
Kitchen,792,0068,0068 -4 In 1 Vegetable Grater Mandoline Slicer,30,18,470,392410,
Kitchen,660,0071,0071 Plastic Vegetable Chopper  (1000 ml),30,18,392,392410,
Kitchen Tools,572,0072,0072 Manual Food Chopper (Food Processor) (800 ml),35,18,315,392410,
Kitchen,452,0074,0074 Fruit and Vegetable Juicer nano or mini Juicer,5,18,364,392410,
Kitchen,645,0075,"0075 Dryfruit Box, Chocolates Box, Sweet Box, Mouth Freshener Box, Indian Mukhwas Box (Set of 4, Green)",0,18,547,392410,
Kitchen,440,0077,"0077 Dryfruit Box, Chocolates Box, Sweet Box, Mouth Freshener Box, Indian Mukhwas Box (Set of 2, Orange)",5,18,354,392410,
"Kitchen Storage, Container & Rack",380,0078,"0078 Plastic Aachar Pickle Container/Chutney/Mukhwas Tray/Masala Tray/Dining Spice Stand (Set of 4 Jar, 2 Spoon, 1 Tray,)",0,18,322,392410,
Kitchen,572,0079,0079 Manual 2 in 1 Handy smart chopper for Vegetable Fruits Nuts Onions Chopper Blender Mixer Food Processor (750 ml),20,18,388,392410,
Kitchen,1999,0082,"0082 Smokeless Electric Indoor Barbecue Grill, 2000w",35,18,1101,851660,
Kitchen,760,0083,0083 Stainless Steel French Fries Potato Chips Strip Cutter Machine,0,18,644,732393,
Kitchen,435,0089,089 Stainless Steel Vegetable Fruit Apple Pear Cutter Slicer,20,18,295,392321,
Kitchen,648,0090,"0090L Kitchen Press Set 12 pcs, Silver (Loose Packing)",20,18,439,392321,
"Kitchen Storage, Container & Rack",792,0095,0095 Revolving Plastic Spice Rack Masala Organiser (12 pcs ),15,18,571,392410,
"Kitchen Storage, Container & Rack",499,0096,0097 Revolving Plastic Spice Rack Masala Organiser (8 Pcs),10,18,381,392410,
"Kitchen Storage, Container & Rack",528,0097,"0098 Foldable Chopping Board, Dish Rack, Washing Bowl & Draining Basket, 3in1 Multi-Function",5,18,425,392410,
Kitchen,711,0098,"0098 Foldable Chopping Board, Dish Rack, Washing Bowl & Draining Basket, 3in1 Multi-Function",30,18,422,392410,
Kitchen,330,0099,0099 Square Plastic Gas Cylinder Trolley,5,18,266,392410,
"Kitchen Storage, Container & Rack",484,0100,0100 Plastic Spice Rack Masala Organiser (6 Pcs),10,18,369,392490,
Kitchen,495,0101,0101 Compact & Powerful Hand Held Vegetable Chopper (650 ml),25,18,315,392490,
Kitchen,660,0102,"0102 Kitchen Knife Set with Wooden Block and Scissors (5 pcs, Black)",35,18,364,392490,
"Kitchen Storage, Container & Rack",735,0103,0103 Revolving Plastic Spice Rack  (16 Pcs),5,18,592,392490,
Kitchen,700,0104,0104 New Stylish Stainless Steel Cutlery Set (24 pcs),20,18,475,732394,
Kitchen,435,0109,0109 Plastic Handheld Egg Cracker with Separator,20,18,295,392410,
Kitchen,720,0114,"0114 Virgin Plastic French Fry Chipser, Potato Chipser/Potato Slicer with Container",25,18,458,392410,
Kitchen Tools,699,0115,0115 Multi-Function 2 Layer 14 Egg Cooker Boilers & Steamer,20,18,474,392410,
Kitchen,652,0118,0118 Stainless Steel Gas Cylinder Trolley,10,18,497,732393,
Kitchen,684,0119,0119 french fries chipser (potato chipser),15,18,493,732393,
"Kitchen Storage, Container & Rack",490,0120,0120 Salt and Pepper Set with Tissue Holder Kitchen Dining Table,20,18,332,732393,
Kitchen,704,0121,0121 Portable USB Electric Juicer - 2 Blades (Protein Shaker),15,18,507,851660,
Kitchen,1266,0125,"0125 Stainless Steel Briefcase Style Barbecue Grill Toaster (Medium, Black)",0,18,1073,851660,
Kitchen,999,0126,"0126 Folding Barbeque Charcoal Grill Oven (Black, Carbon Steel)",15,18,720,851660,
"Kitchen Storage, Container & Rack",682,0128,"0128 Steel Lunch Box Set (5 pcs, Black)",0,18,578,732399,
Kitchen,645,0130,0130 Manual Gola Maker (Multicolour),0,18,547,392410,
Kitchen,754,0131,0131 Portable USB Electric Juicer - 4 Blades (Protein Shaker),15,18,543,850940,
Kitchen,826,0133,0133 Portable USB Electric Juicer - 6 Blades (Protein Shaker),15,18,595,850940,
Kitchen,464,0135,0135 Cordless Motorized Knife Blade Sharpener Tool,15,18,334,821490,
"Kitchen Storage, Container & Rack",360,0137,0137 A5 Size Notebook Plastic Bottle (Any color),15,18,259,392410,
Kitchen,652,0139,0139 Foldable Strainer Chef Basket,30,18,387,392410,
Kitchen,616,0140,0140 Plastic Multipurpose Manual Juicer,15,18,444,392410,
Kitchen,330,0141,0141 slicer 6 in 1,15,18,238,392410,
Kitchen,360,0145,0145 Stainless Steel Medu Vada Maker,10,18,275,732393,
Kitchen,360,0146,0146 Gas Cylinder Trolley,0,18,305,392410,
Kitchen,792,0153,0153 Electric Egg Boiler Poacher Steamer (7 Egg Poacher),25,18,503,392410,
Kitchen,495,0155,0155 Dough Maker Machine With Measuring Cup (Atta Maker),25,18,315,392410,
"Kitchen Storage, Container & Rack",485,0163,"0163 Multipurpose Pickle Jar Set (Multicolour, 4 pcs)",10,18,370,392410,
Kitchen,380,0164,0164 Primo Water Pump Dispenser Handle Carry Handle Convenient Spout Cap,15,18,274,392410,
"Kitchen Storage, Container & Rack",564,0165,0165 Silicone Ice Cube Maker,20,18,382,392410,
"Kitchen Storage, Container & Rack",415,0170,0170 Lunch Box (200 ml each Container) with Attractive Stand - 4 pcs,10,18,317,842310,
"Kitchen Storage, Container & Rack",360,0171,"0171 Plastic Container Set, 200ml, Set of 6",10,18,275,392410,
Other,400,0172,0172 Rubber Pet Cleaning Massaging Grooming Glove Brush,20,18,271,391000,
Home Improvement,350,0174,0174 Toothpaste Dispenser & Tooth Brush Holder,10,18,267,392690,
Other,740,0176,0176 Cat Interactive Toy (Cat Scratching Pad),20,18,502,350699,
Home Decor,902,0177,0177 03D Moon Lamp India/Moon Shaped Lamp/Led Moon Lamp/Lunar Moonlight Lamp - Multi Color,5,18,726,851679,
Kitchen,400,0178,0178 Kitchen Food Processor (Chop N Churn),5,18,322,392410,
Home Decor,485,0180,0180 Stainless Steel Electric Dhoop Dani,20,18,329,851679,
Security,744,0185,0185 Anti Theft Security Pad Lock with Smart Alarm,30,18,441,853110,
Security,435,0186,0186 Solid Imitation Copper Lock,20,18,295,830140,
Home Improvement,325,0188,0188 1000W-220V Water Heater Portable Electric Immersion Element Boiler,5,18,262,851617,
Home Improvement,792,0192,0192 Cloth Organizer Pouch Laundry Zipper Bags (6 pcs),30,18,470,851610,
Home Decor,440,0193,0193 QuickBurn Steel Kapoor Dani Stand,25,18,280,851610,
Home Improvement,345,0198,0198 Wall Mounted Mop & Broom Hanger Holder (1-Layer),10,18,263,392690,
Home Improvement,788,0199,0199 5-Layer Multipurpose Wall Mounted Organizer Mop And Broom Holder,30,18,467,392690,
Home Improvement,380,0200,0200 Toothpaste Dispenser & Tooth Brush with Toothbrush,15,18,274,392690,
Home Improvement,552,0201,0201  Dual Bladeless Mini Air Conditioner,25,18,351,392690,
Home Decor,360,0206,0206 Night Lamps White Flower Pot Color Changing Light & Mushrooms Light Sensor LED Decorative Night Lamp Night Lamp,15,18,259,940540,
Home Decor,552,0213,0213 Solar Security LED Night Light for Home Outdoor/Garden Wall (Black) (20-LED Lights),25,18,351,940540,
Security,412,0218,0218 -4 Digit Combination Padlock,15,18,297,830110,
Home Improvement,694,0219,"0219 Cushion Seat Flex Pillow, Gel Orthopedic Seat Cushion Pad (Egg Sitter)",5,18,559,392410,
Cleaning Supplies,792,0220,0220 Sweeper Floor Dust Cleaning Mop Broom with Dustpan 360 Rotary,10,18,604,392690,
Home Improvement,599,0223,0223 -2 in 1 Plastic Cleaning Brush Toilet Brush with Holder,5,18,482,392410,
Security,375,0228,0228 Multi Purpose Key-Lock (Cable Lock),10,18,286,830114,
Home Improvement,760,0229,"0229 -8-Claw Octopus Hanging Dryer 16 Clothes pegs, Simple to fold up and Put Away",35,18,419,732393,
Home Improvement,435,0230,0230 Stainless Steel Cloth Hanger (12 pcs),20,18,295,732393,
Travel,801,0233,0233 Travel Windproof Umbrella (Reverse Umbrella),30,18,475,660199,
Travel,455,0234,0234 -3 Fold Premium Umbrella,20,18,308,660110,
Home Improvement,435,0236,0236 5-Compartments Socks/Handkerchief/Underwear Storage Box Socks Drawer Closet Organizer Storage Boxes (pack of 4),10,18,332,392690,
Home Improvement,684,0240,0240 3 Layer Mop and Broom Holder,30,18,406,392690,
Home Improvement,772,0243,"0243 4-Layer Mop and Broom Holder, Garden Tool Organizer, Multipurpose Wall Mounted",35,18,425,392690,
Home Improvement,990,0251,0251 Electric Mini Handy Heater Plug-In Wall (400w),20,18,671,851632,
"Beauty, Health & Personal Care",470,0256,0256 2 Hooks Waist Trimmer Belt Shaper Cincher Trimmer Body shape - (L),25,18,299,630710,
Mobile Accessories,495,0257,0257 Bluetooth Sports Sweatproof Earphone/Headphones,25,18,315,392690,
Mobile Accessories,360,0262,0262 Flexible Adjustable 360 Rotable Mount Cell Phone Holder,10,18,275,392690,
Mobile Accessories,465,0263,0263 Universal Car Various Function Holder,25,18,296,392690,
Mobile Accessories,370,0264,0264 Universal Bike Phone Mount for Bike Handlebars,10,18,282,392690,
Mobile Accessories,345,0272,0272 Universal Mini Tripod,15,18,249,900610,
Computer Accessories,636,0274,0274 Laptop Bag 15.6 inch,0,18,539,420212,
Mobile Accessories,499,0280,0280 Camera & Mobile Tripod,10,18,381,900610,
Automotive,400,0292,0292 Bike Riding & Cycling Anti Pollution Dust Sun Protecion Half Face Cover Mask,10,18,305,650550,
Computer Accessories,435,0295,"0295 USB Computer Mini Vacuum Cleaner, Car Vacuum Cleaner",25,18,276,392490,
Mobile Accessories,490,0300,0300 3D VR Box Virtual Reality Glasses,5,18,394,392690,
Mobile Accessories,654,0307,0307 Neckband Style Bluetooth Headset/Earphone,30,18,388,851830,
Baby Care,748,0316,0316 Digital LCD 8.5'' inch Writing Drawing Tablet Pad Graphic eWriter Boards Notepad,40,18,380,392690,
Mobile Accessories,596,0319,0319 Clip-on 8X Optical Zoom Telescope Phone Camera Lens,25,18,379,392690,
"Kitchen Storage, Container & Rack",599,0326,0326 Silicone Collapsible/Foldable Water Bottle,20,18,406,392310,
"Beauty, Health & Personal Care",484,0340,0340 -5-in-1 Smoothing Body & Facial Massager (Pink),20,18,328,392690,
"Beauty, Health & Personal Care",440,0341,0341 Electric Hot Water Bag,20,18,298,851640,
"Beauty, Health & Personal Care",564,0348,0348 Men's Beard and Hair Curling Straightener (Modelling Comb),25,18,358,851631,
"Beauty, Health & Personal Care",741,0350,0350 Multi-Function Beauty Equipment Skin Face Massage Bar (Beauty Vibrating Massage Tool),35,18,408,901910,
"Beauty, Health & Personal Care",843,0351,0351 -4 In 1 Blackhead Whitehead Extractor Remover Device Acne Pimple Pore Cleaner (Vacuum Suction Tool),40,18,429,391990,
"Beauty, Health & Personal Care",652,0352,0352 Thermal Head Spa Cap Treatment with Beauty Steamer Nourishing Heating Cap,25,18,414,851631,
"Kitchen Storage, Container & Rack",360,0360,"0364 Notebook Style Slim Water Bottle (380 ml, Multicolor)",10,18,275,392690,
"Beauty, Health & Personal Care",299,0367,0367 USB Vibration Full Body Massager,0,18,253,901910,
"Beauty, Health & Personal Care",484,0370,0370 -3D Roller Face Massager,20,18,328,901910,
Home Decor,699,0371,0371 Cute Beatles LED Light Humidifier Air Diffuser Purifier Atomizer Essential oil diffuser difusor de aroma mist maker fogger Gift,10,18,533,847989,
"Beauty, Health & Personal Care",484,0374,0374 Pill Pro 7 Day Weekly Tablet Medicine Organizer Box,20,18,328,392690,
Kitchen,452,0375,0375 -40Kg 10g Portable Handy Pocket Smile Mini Electronic Digital LCD Weighing Scale,15,18,326,690919,
"Beauty, Health & Personal Care",1000,0376,0376 Simply Ceramic Hair Straightener,35,18,551,851631,
"Beauty, Health & Personal Care",508,0377,0377  Adjustable Royal Posture Back Support Brace Unisex,25,18,323,630710,
"Beauty, Health & Personal Care",1144,0379,0379 Professional Massage Pillow,10,18,873,901910,
"Beauty, Health & Personal Care",360,0380,"0380 Reusable Cooling Gel Face Mask with Strap-on Velcro, Medium",10,18,275,950590,
"Beauty, Health & Personal Care",420,0381,0381 Velvet Electric Pain Relief Heating Bag,15,18,303,851610,
"Beauty, Health & Personal Care",325,0383,0383 Pill Case- 4 Row 28 Squares Weekly 7 Days Tablet Box Holder Medicine Storage Organizer Container,5,18,262,392410,
"Beauty, Health & Personal Care",684,0385,0385 2 in 1 Hair Straightener and Curler Machine For Women | Curl & Straight Hair Iron,25,18,435,851631,
"Beauty, Health & Personal Care",599,0386,0386 1500 Watts Professional Hair Dryer 2888 (Black),0,18,508,851631,
"Beauty, Health & Personal Care",684,0388,0388 Real Doctor Posture Corrector (Shoulder Back Support Belt),30,18,406,630710,
"Beauty, Health & Personal Care",600,0389,0389 Folding Hair Dryer Hair with 2 speed control,30,18,356,851631,
Hardware,1266,0406,0406 -12/15pcs Milling Cutter Router Bit Set,15,18,912,830240,
Hardware,636,0407,"0407 -10 pc, 6 pt. 3/8 in. Drive Standard Socket Wrench Set",5,18,512,731815,
Hardware,628,0408,0408 -6pcs Metal HSS Circular Saw Blade Set Cutting Discs for Rotary Tool,30,18,373,820340,
Hardware,380,0412,0412 -5 Pcs Shank Abrasive Mounted Stone (Multicolour),15,18,274,820340,
Power & Hand tools,612,0413,0413 PVC Pipe Cutter (Pipe and Tubing Cutter Tool),30,18,363,820340,
Power & Hand tools,440,0414,"0414 Hand Tools - Plastic Powerful Hand Saw 18"" for Craftsmen",15,18,317,820110,
Hardware,652,0415,0415 -12 pcs 19-64mm Hole Saw Kit,20,18,442,820740,
Hardware,365,0416,0416+419 Drill Bit (13 pcs + 5 pcs),15,18,263,820540,
Hardware,380,0417,"0417 Welding Goggles (Dark Green, Large)",20,18,258,900390,
Hardware,365,0419,0419 Drill Bits (13 pcs),15,18,263,820540,
Hardware,599,0421,0421 Socket Combination Toolkit (40 pcs),0,18,508,820340,
Hardware,1499,0422,"0422 Socket 1/4 Inch Combination Repair Tool Kit (Red, 46 pcs)",15,18,1080,820340,
Hardware,410,0424,0424 Silicone Carbide Combination Stone Knife Sharpener for Both Knives and Tools,20,18,278,680410,
Power & Hand tools,380,0427,0427 08 in 1 Multi-Function Screwdriver Kit with LED Portable Torch,15,18,274,820540,
Hardware,492,0428,"0428 Wood Hole Saw Cutting Set (11 pcs, 19-64mm, Multicolour)",15,18,354,820740,
Hardware Fitting,299,0429,"0429 8-inch Magnetic Torpedo Level with 1 Direction Pin, 2 Vials and 360 Degree View",0,18,253,903180,
Power & Hand tools,415,0430,0430 Screwdriver Set  32 in 1 with Magnetic Holder,20,18,281,820540,
Hardware,792,0432,0432 Hole Saw Drill Bit set (16 pcs),20,18,537,820740,
Hardware,365,0433,0433 Hole Saw Set Drill Bit set 32mm/38mm/44mm/54mm (6 pcs),10,18,278,820740,
Power & Hand tools,464,0436,0436 Quick Snap N Grip,5,18,374,820540,
Power & Hand tools,1156,0437,"0437 -3X Large HSS Steel Step Cone Drill Titanium Bit Set Hole Cutter (4-32, 4-20, 4-12mm)",25,18,735,820210,
Power & Hand tools,616,0438,0438 Tubing Pipe Cutter,30,18,365,820340,
Power & Hand tools,416,0439,0439 Mini Bolt Cutter Wire Breaking Plier,15,18,300,820340,
Power & Hand tools,464,0440,0440 Revolving Leather Punch Plier,20,18,315,830340,
Power & Hand tools,652,0441,0441 Networking Crimping Tool,30,18,387,820340,
Power & Hand tools,380,0443,0443 Metal Glass Cutter,15,18,274,820740,
Power & Hand tools,640,0447,0447 Adjustable Circle Hole Saw Drill Bit Cutter,25,18,407,820330,
Power & Hand tools,430,0451,0451 -24pcs T shape screwdriver set Batch Head Ratchet Pawl Socket Spanner hand tools,20,18,292,820540,
Hardware,1584,0452,"0452 -46pcsMetal 1/4"" Socket Set (Black, 46pcs)",30,18,940,820540,
Garden,428,0455,"0455 Wooden Handle Hedge Shears, Bush Clipper",15,18,308,820810,
Power & Hand tools,350,0459,0459 Pencil Style Glass Cutter,15,18,252,820790,
Power & Hand tools,330,0461,0461 Magnetic 31 in 1 Repairing Screw Driver Tool Set Kit,5,18,266,820740,
Power & Hand tools,408,0462,0462 Carpenter Mini Claw Hammer,5,18,328,820740,
Garden,572,0464,"0464 Folding Saw(180 mm) for Trimming, Pruning, Camping. Shrubs and Wood",25,18,364,820790,
Garden,485,0466,0466 Garden Shears Pruners Scissor (8 inch),25,18,308,820890,
Garden,564,0469,0469 Garden Big Scissor,15,18,406,820740,
Garden,652,0470,0470 -5 Liter Watering Can / Bucket For Gardening,20,18,442,392690,
Garden,792,0473,0473 Soil Tester 3-in-1 Plant Moisture Sensor (Green),25,18,503,902480,
Garden,360,0477,0477 Plastic Garden Hose Nozzle Water Spray Gun Connector Tap Adapter Set,5,18,290,392690,
Garden,599,0479,"0479 Garden Shears Sharp Cutter Pruners Scissor, Pruner",20,18,406,820740,
Stationery,660,0483,0483 Transparent HOT MELT Glue Sticks for DIY and Craft Work Big 10 mm 8 inch  (Set of 40),15,18,475,350699,
Automotive,744,0485,"0485 Portable Mini Foot Pump for Bicycle,Bike and car",30,18,441,841420,
Home Decor,499,0492,0492 Multi Purpose Brick Thin Slim Bright Lens Led Light,20,18,338,940510,
Garden,704,0502,0502 -50 Ft Expandable Hose Pipe Nozzle For Garden Wash Car Bike With Spray Gun,25,18,447,392690,
"Beauty, Health & Personal Care",496,0503,0503 Silicone Moisturizing Feet Socks Gel (1 pair),20,18,336,391000,
Travel,415,0505,"0505 -3-in-1 Air Travel Kit with Pillow, Ear Buds & Eye Mask",20,18,281,401610,
Automotive,420,0507,0507 Night HD Vision Driving Anti Glare Eyeglasses,20,18,285,900390,
Automotive,528,0512,0512 Heavy Duty Tire Inflator Gauge Air Compressor Accessories,20,18,358,841440,
Travel,784,0514,0514 Three Layers Neck Traction Pillow,35,18,432,401610,
Automotive,430,0515,0515 Strong Steel Air Pump,20,18,292,841410,
Travel,499,0518,0518 Pocket Folding Wine Bottle Umbrella,10,18,381,660199,
Home Improvement,999,0520,0520 Stackable 5 Layer Folding Shoe Rack,10,18,762,392410,
Toys For Kids,484,0523,0523 Gold Plated Poker Playing Cards (Golden),15,18,349,940440,
Automotive,786,0526,"0526 High Pressure Deluxe/Strong Foot Pump For Bicycle, Car, Bike",20,18,533,841410,
"Beauty, Health & Personal Care",432,0530,0530 Professional Ceramic Plate Hair Styler Straightener,15,18,311,851631,
Travel,596,0540,0540 New B Portable Water Bottle,30,18,354,392410,
Kitchen,485,0542,"0542 Gardening Tools - Hand Cultivator, Big Trowel, Garden Fork (Set of 3)",25,18,308,820790,
Automotive,408,0544,0544 Aluminum Mini Bicycle Air Pump (Multicolor),5,18,328,851440,
Travel,693,0548,0548 Black Digital Portable Luggage Scale with LCD Backlight (50 kg),20,18,470,690919,
Kitchen,608,0549,"0549 Digital Portable Hook Type Weighing Scale (50 kg, Multicolor)",25,18,386,690919,
Travel,924,0550,0550 Portable Handheld Garment Steamer,10,18,705,851610,
Automotive,636,0551,0551 -12V Car Charging Electric Kettle Mug (Silver),25,18,404,851610,
Stationery,499,0560,0560 Gold Plated Professional Cloth Cutting Scissor,10,18,381,821300,
Stationery,440,0568,0568 Hot Melt Glue Gun (60 watts),15,18,317,842489,
Power & Hand tools,440,0573,"0573 Fibreglass Nail Hammer(450 GMS / 13"")",5,18,354,820590,
Automotive,499,0574,"0574 Fast Air Inflation/Compressor for Automobile, Tyres, Sporting, Goods (250 PSI)",0,18,423,830230,
Stationery,436,0575,0575 Glue Gun (40 watt),5,18,351,851610,
Sports,792,0576,0576 Multi-Function Collapsible  Self Defense Stick Extended,25,18,503,732393,
Stationery,440,0577,0577 Imported Mini Portable Pen Light LED Flashlight Pocket Medical Torch Light,20,18,298,960810,
Garden,428,0582,0582 Garden Shears Pruners Scissor,10,18,326,732393,
Garden,435,0590,0590 Durable Hose Nozzle Water Lever Spray Gun,25,18,276,392690,
Mobile Accessories,436,0591,0591 Silicone Sucker Mobile Holder,15,18,314,392620,
Garden,819,0605,0605 -3 Way Soil Meter (pH Testing Meter),25,18,521,902780,
"Kitchen Storage, Container & Rack",748,0607,0607 Plastic Sink Dish Drainer Drying Rack,15,18,539,392410,
Home Improvement,440,0613,0613 Textured Anti Skid Drawer Mat (45 x 150 cm),15,18,317,392410,
Hardware,399,0615,0615 Chromium Steel Saw 3 Edge Sharpen Teeth with Plastic Cover and Blister Packing,5,18,321,820290,
Home Decor,470,0619,0619 Led Glass Cup (Rainbow Color),25,18,299,392410,
Mobile Accessories,470,0622,0622 Mobile Phone Metal Stand (Silver),25,18,299,732393,
Kitchen Tools,380,0630,"0630 Stylish look Plastic Juicy Glass, Transparent Glasses Set 300ml (6pcs)",10,18,290,392410,
Kitchen,420,0634,0634 Smart Candy Box,20,18,285,392410,
Mobile Accessories,325,0636,0636 Gorilla Tripod Fully Flexible Tripod (6 Inch),5,18,262,900610,
Garden,520,0640,0640 Garden Pressure Sprayer Bottle 1.5 Litre Manual Sprayer,15,18,375,392410,
Garden,693,0641,0641 -600g Hatchet Axe Fiberglass Body Rubberized Handle,20,18,470,820590,
Kitchen,700,0643,"0643 Multipurpose (MH-200) LCD Screen Digital Electronic Portable Mini Pocket Scale(Weighing Scale), 200g",30,18,415,842310,
Kitchen,360,0649,0649 stainless steel Bicycle shape Pizza cutter,10,18,275,392410,
Home Improvement,448,0697,0697 Multi Purpose Tooth Brush Holder/Tooth Paste Stand   (H-107),5,18,361,392410,
Home Improvement,485,0698,0698 Kitchen/Bathroom Square Napkin Toilet Paper Holder - 7 inch (H-110),25,18,308,392410,
Home Improvement,528,0699,0699 Kitchen/Bathroom Square Napkin Toilet Paper Holder - 14 inch,10,18,403,392410,
Home Improvement,528,0700,0700 Kitchen/Bathroom Round Napkin Toilet Paper Holder - 14 inch,15,18,380,392410,
Home Improvement,744,0702,0702 Multi Purpose Wall Mount Stand for Set top box,15,18,536,852990,
Mobile Accessories,340,0703,0703 Multi Purpose Wall Mount Mobile Stand (H-105),5,18,274,392690,
Kitchen,802,0705,0705 Multi-function Hanging Window Sill Drying Rack Easy Folding Drying Rack Balcony Retractable Drying Shoe Rack,5,18,646,392410,
Cleaning Supplies,600,0707,0708 Lombard Soft Side Cabin Luggage Black 20 Inch Trolley Bag Briefcase,35,18,331,392690,
Automotive,"1,199",0709,"0709 Dual-Cylinder Foot Pump, Portable Floor Bike Pump, 150PSI Air Pump",15,18,864,841320,
Hardware,696,0715,0715 Level 5 Protection Cut Resistant Gloves (1 pair),30,18,413,401590,
Hardware,508,0716,0716 Protective Durable Heat Resistant Welding Gloves,25,18,323,401590,
Garden,299,0718,0718 Garden Genie Gloves,0,18,253,401590,
Travel,499,0726,0726 Smart Vacuum Insulated Water Bottle with LED Temperature Display,0,18,423,392610,
Kitchen,897,0732,0732 Multipurpose Unbreakable Plastic Matka Stand/Pot Stand,60,18,304,392410,
Kitchen,720,0740,0740 Stainless Steel Puri Press/Puri Machine/Papad Maker Machine,10,18,549,732393,
"Kitchen Storage, Container & Rack",780,0746,0746_Stainless Steel 2 Layer Plate & Bowl Stand Kitchen Utensil Rack/Cutlery Stand,5,18,628,732393,
Cleaning Supplies,999,0802,0802 Cleaning 360 Degree Healthy Spray Mop with Removable Washable Cleaning Pad,15,18,720,392620,
"Kitchen Storage, Container & Rack",499,0804,0804 Collapsible Folding Silicone Dish Drying Drainer Rack with Spoon Fork Knife Storage Holder,0,18,423,392410,
Kitchen,399,0812,0812 Cake Decorating Kit with Reusable Plastic Couplers Piping Nozzle Set,0,18,338,392620,
Kitchen,899,0825,0825 Heavy Duty Universal Washing Machine Stand Double Single Door Stand,0,18,762,392410,
Toys For Kids,499,0859,"0859 46 Pcs Plastic Art Colour Set with Color Pencil, Crayons, Oil Pastel and Sketch Pens",15,18,359,950300,
Home Decor,599,0860,0860 Plastic 2 in 1 Mirror Come Photo Frame with Led Light,10,18,457,700910,
Home Improvement,325,0862,"0862 Refrigerator base Stand 4pcs, Washing Machine Stand, Furniture Base Stand, Fridge Stands",10,18,248,392410,
Home Decor,520,0874,0874 Rechargeable Camping Lantern LED Solar Emergency Light Bulb,15,18,375,940520,
Sports,753,0875,0875 Portable USB Battery Rechargeable Mini Fan - Headphone Design Wearable Neckband Fan,30,18,447,392690,
Hardware,440,0877,0877 Heavy Duty Industrial Cutter Knife 18mm,40,18,224,392410,
Gift,400,0879,0879 24K Artificial Golden Rose/Gold Red Rose with Gift Box (10 inches),15,18,288,392690,
Stationery,552,0881,"0881  Double Sided Nano Adhesive Tape, 5 meter Washable Traceless Nano Gel Tape, Multipurpose",20,18,374,391990,
Stationery,485,0882,"0882 Double Sided Nano Adhesive Tape, 3 meter Washable Traceless Nano Gel Tape, Multipurpose",25,18,308,391990,
Other,412,0900,0900 Tamper Proof Courier Bags(6.5X08 PLAIN 180 POD M1) - 100 pcs,10,18,314,392321,
Other,532,0901,0901 Tamper Proof Courier Bags(8X10 PLAIN 180 POD M1) - 100 pcs,5,18,428,392391,
Other,664,0902,0902 Tamper Proof Courier Bags(09X12 PLAIN 180 POD M1) - 100 pcs,15,18,478,392391,
Other,412,0930,"0930  POD pouch Secure Tamper Proof Courier Bags,100 pcs (7.5 x 7.5 Inch)",5,18,332,392321,
Baby Care,723,0950,"0950 Premium Champs High Absorbent Pant Style Diaper Small Size, 42 Pieces (950_Small_42)",15,18,521,961900,
Baby Care,780,0952,"0952 Premium Champs High Absorbent Pant Style Diaper Medium Size, 40 Pieces (952_Medium_40)",5,18,628,961900,
Toys For Kids,699,1082,1082 Dobble Game for Children (Multicolour),15,18,504,392690,
Toys For Kids,799,1083,1083 Dobble Spot It Card Educational Game,25,18,508,392690,
Computer Accessories,999,1090,1090 Multipurpose Foldable Laptop Table (Multicolour),15,18,720,392490,
Home Decor,449,1136,1136 Balloon Pack for Birthday Party Decoration & Occasions (100 pcs),5,18,361,880100,
Home Decor,499,1139,1139 3 Pcs Multicolor Wooden Floral Design For Wall Art,5,18,402,442190,
Cleaning Supplies,"1,299",1142,1142 Scratch Cleaning Mop with 2 in 1 Self Clean Wash Dry Hands Free Flat Mop,20,18,881,960390,
Kitchen,1299,1142,1142 Box Watermelon Cutter,60,18,440,960390,
Travel,499,1157,1157 Cross Body Travel Office Business Bag one Side Shoulder Bag Unisex,0,18,423,420212,
Kitchen,799,1197,1197 Electronic Kitchen Digital Spoon Weighing Scale,25,18,508,392410,
"Beauty, Health & Personal Care",599,1207,1207 Fast Hair Straightener Brush with Temperature Control Men & Women,5,18,482,851631,
Computer Accessories,999,1208,1208 Smart Laptop Backpack with USB Plug Charging Port (Multicolour),10,18,762,420212,
Security,999,1212,1212 Resettable Code Combination Number Padlock,35,18,550,830140,
Repellents,599,1219,1219 Eco Friendly Electronic Mosquito Killer Lamp,10,18,457,940520,
Home Improvement,1399,1220,1220 Portable Mini Hand Tailor Machine for Sewing Stitching,25,18,889,845210,
"Beauty, Health & Personal Care",499,1221,1221 Dolphin Handheld Body Massager to Aid Pain and Stress,10,18,381,901910,
Home Decor,499,1222,"1222  Festival Decorative - LED Tealight Candles (White, 24 Pcs)",0,18,423,940530,
Home Improvement,499,1232,1232 Handheld Portable Mini Electric Cordless Sewing Machine for Beginners,0,18,423,845210,
Home Decor,499,1234,1234 Colour Changing Good Night Star Master Rotating Projection Night Lamp,0,18,423,940530,
Other,499,1241,1241 Pet Hair Remover Multi-Purpose Double Sided Self-Cleaning and Reusable Pet Fur Remover,15,18,359,392410,
Garden,599,1242,1242 Automatic Spray Sanitizer Air freshener Humidifier,15,18,431,851679,
Home Decor,599,1242,1242 Automatic Spray Sanitizer Air freshener Humidifier,15,18,431,851679,
Home Decor,499,1248,1248 Mini Polar Bear Shaped Cool Mist Portable Humidifier,10,18,381,851679,
Home Decor,499,1255,"1255 Solar Lights for Garden LED Security Lamp for Home, Outdoors Pathways",10,18,381,940520,
Home Improvement,499,1259,1259 Reusable Insulated Grocery Shopping Cloth Bag Washable and Foldable,20,18,338,362690,
"Beauty, Health & Personal Care",1299,1261,1261 Facial Handheld Portable Steamer for Face,40,18,661,851629,
Travel,799,1276,"1276 Sun Protection Water Proof Fabric Polyester Garden Umbrella for Beach, Lawn",20,18,542,660191,
Home Decor,899,1277,1277 Anti Crack Silicon Gel Heel Moisturizing Socks for Foot Care Men Women (Loose Pack),35,18,495,401590,
Mobile Accessories,599,1282,1282 Super Bass Portable Wireless Bluetooth Speaker,0,18,508,392690,
"Beauty, Health & Personal Care",299,1302,1302 Silicone Body Back Scrubber Double Side Bathing Brush for Skin Deep Cleaning,5,18,241,401590,
"Beauty, Health & Personal Care",999,1305,1305 Double Edge Shaving Razor Blade (Pack of 48),30,18,593,821210,
Computer Accessories,499,1320,1320 Adjustable Laptop Stand Holder with Built-in Foldable Legs and High Quality Fibre,25,18,317,940320,
Home Decor,999,1321,1321 Portable Moonlight Shaped Air Humidifier/Freshner,20,18,677,940540,
Repellents,499,1322,1322 Electric Mosquito Killer LED Lamp Light Bug Dispeller with Suction Fan,0,18,423,851679,
Mobile Accessories,399,1333,1333 Mobile Phone Video Screen Magnifier Amplifier for Eyes Protection,15,18,287,342690,
"Beauty, Health & Personal Care",699,1337,1337 Professional Stylish Hair Dryers For Women And Men (Hot And Cold Dryer),10,18,533,851632,
Sports,399,1342,"1342 Extra Strong Pull String Body Building Training, Pull Rope Rubber Exerciser (loose)",0,18,338,392690,
"Beauty, Health & Personal Care",349,1351,1351 Heart Shape Women's Underwear Case Travel Portable Storage Bag Box,0,18,296,630710,
Toys For Kids,399,1360,1360 LCD Portable Writing Pad/Tablet for Kids - 8.5 Inch,0,18,338,392690,
"Beauty, Health & Personal Care",499,1361,1361 Hair Straightener Hair Straightening Comb Brush,5,18,402,851632,
Home Decor,999,1363,1363 Wireless Bluetooth Sensor 12W Music Multicolor LED Bulb with Remote Controller,40,18,508,851220,
Home Improvement,1299,1401,1401 Bathroom Accessories Folding Towel Rack,20,18,881,7324,
"Kitchen Storage, Container & Rack",599,1409,1409 Stainless Steel Water Bottle (1000 ml),30,18,355,73239990,
Toys For Kids,599,1412,1412 Portable LCD writing Tablet Paperless Memo Digital Tablet Pad,5,18,482,392690,
"Beauty, Health & Personal Care",499,1414,"1414 Rechargeable, Cordless Beard and Hair Trimmer For Men",10,18,381,851631,
"Beauty, Health & Personal Care",599,1437,1437 NS-216 rechargeable cordless hair and beard trimmer for men's,20,18,406,851631,
Sports,1499,1443,1443 Portable Push Up Board System Body Building Exercise Tool,40,18,762,950699,
Kitchen,1999,1452,1452 One-Touch Automatic Vacuum Sealing Machine for Dry And Moist Food,35,18,1101,392690,
Mobile Accessories,599,1465,1465 Portable 8.5 LCD Writing Digital Tablet Pad for Writing/Drawing,20,18,406,392690,
Mobile Accessories,699,1467,1467 Long Lightweight Aluminum Tripod Stand,0,18,592,900610,
Home Improvement,1299,1490,"1490 Multipurpose Wooden Clips /Cloth Pegs (Large, 500 Pcs)",20,18,881,392690,
Toys For Kids,599,1497,"1497 Cute, Cuddly and Clean Toddlers Training Seat",0,18,508,401610,
Garden,499,1505,1505 Gardening Tool Wood Handle Cultivator Trowel Forks Tool Set (3 pack),20,18,338,820750,
Garden,799,1506,1506 Professional Garden Scissor with Sharp Blade Comfortable Handle,25,18,508,820750,
Stationery,499,1522,1522 Hand-Held Packing Tape Dispenser with Retractable Blade for Tape,0,18,423,392410,
Cleaning Supplies,1499,1530,1530 Heavy Duty Microfiber Spin Mop with Plastic Bucket & Rotating Steel Pole Head,50,18,635,960390,
Shelves & Racks,799,1535,1535 Movable Wall Mount Stand for 14-42-inch LCD LED TV,0,18,677,830210,
Stationery,399,1538,1538 Self Adhesive Transparent Packing Tape- 200 metres,5,18,321,391910,
Automotive,499,1539,1539 Cycle Computer with Trip Distance and Timer Durable,10,18,381,854419,
Power & Hand tools,399,1545,1545 Heavy Duty Bolt Cutter,0,18,338,820340,
Stationery,399,1547,1547 Stainless Steel Tailoring Scissor Sharp Cloth Cutting for Professionals (9.5inch) (Golden),0,18,338,821300,
Stationery,999,1548,"1548 Digital Vernier Caliper for Taking Internal, External Depth Thickness",15,18,720,820790,
Power & Hand tools,399,1549,1549 Bolt Cutter Wire Breaking Plier,5,18,321,820340,
Hardware Fitting,499,1559,1559 Double Side Scale Triangle Measurement Hand Tool,10,18,381,820590,
Automotive,799,1562,1562 Rechargeable Bicycle LED Bright Light with Horn Speaker,25,18,508,940540,
Hardware Fitting,499,1565,1565 Professional Measuring Tape/Ruler - 30 Meter,0,18,423,391910,
Home Improvement,699,1570,1570 3 Layer Multipurpose Portable Folding Shoe Rack/Shoe Cabinet,0,18,592,392410,
Kitchen,1999,1580,1580 Digital Multi-Purpose Kitchen Weighing Scale (TS500),30,18,1186,842310,
Sports,699,1592,1592 Anti-Burst Exercise Heavy Duty Gym Ball (Multicolour) (75Cm) (No Box & No Pump),0,18,592,401590,
Toys For Kids,2499,1599,1599 Portable Dual Nozzle Electric Balloon Blower Pump Inflator,45,18,1165,392690,
Stationery,999,1612,1612 Vernier Caliper Digital LCD Display,30,18,593,830710,
Automotive,2999,1618,1618 Portable Electric Car Air Compressor Pump for Car and Bike Tyre,35,18,1652,841410,
Power & Hand tools,699,1619,1619 Furniture Lifter Mover Tool Set Heavy Duty Furniture Shifting and Mover,0,18,592,842810,
Garden,599,1635,1635 Jet Water Cannon 8 in 1 Turbo Water Spray Gun,0,18,508,8201,
Automotive,1999,1641,1641 Car Tyre Inflator Rapid Mini Portable Air Compressor Pump,30,18,1186,841410,
Automotive,1999,1646,1646 Digital Car Tyre Inflator Portable Air Compressor Pump,25,18,1271,841410,
Automotive,999,1657,1657 Heavy Duty Bike Brake Lock - Locking System by Holding Handle Bar with Brake Lever,20,18,677,830140,
Automotive,1599,1691,1691 Portable High Pressure Foot Air Pump Compressor for Car and Bike,25,18,1016,841410,
Home Improvement,2999,1708,1708 Table Corners Edge Protector Guards for Baby Child Safety (Pack of 100),25,18,1906,392690,
Garden,599,1711,1711 Garden Sharp Cutter Pruners Scissor with grip-handle,0,18,508,820890,
Automotive,599,1735,1735 High Pressure Bicycle Air Pump Tyre Inflator for Cycles,0,18,508,841410,
Toys For Kids,1499,1909,1909 Jumbo Size Go to School Kids Play Tent House (Multicolour),30,18,889,630629,
Toys For Kids,499,1911,1911 54 Pcs Blocks 4 Dices Wooden Tumbling Stacking Building,0,18,423,940360,
Toys For Kids,499,1912,1912 Wooden Xylophone Musical Toy for Children (MultiColor),20,18,338,950300,
Kitchen,599,2023,"2023 Plastic 14-in-1 Jumbo Manual Vegetable Grater,Chipser and Slicer",0,18,508,392410,
Kitchen,999,2025,"2025 Maitri Plastic 12-in-1 Jumbo Manual Vegetable Grater, Chipser and Slicer",35,18,550,392410,
Kitchen,499,2055,2055 Kitchen Plastic Space Saver Organizer Basket Rack- 4 pcs,25,18,317,392410,
Kitchen,499,2064,2064 Foldable Drain Rack Kitchen Sink Roll up Dish Drying Rack Portable Dish Rack,20,18,338,392410,
Kitchen,999,2094,2094 Stainless Steel Cutlery Set with Plastic Storage Box (24 Pieces - Brown),35,18,550,732393,
Kitchen,999,2095,2095 Stainless Steel Cutlery Set with Stand - Pack of 24(Silver),30,18,593,732393,
Kitchen,499,2099,2099 Rotating Cake Stand for Decoration and Baking,10,18,381,392410,
"Beauty, Health & Personal Care",899,2124,2124 Jewellery Jewel Boxes Storage Box Organizer Gift Box for Women Necklace Earring Set Bangles Churi Gift for Women,5,18,724,442190,
Home Decor,999,2125,2125 Peacock Design Glass with Handle and Handicraft Serving Tray Set,10,18,762,442190,
Kitchen,899,2126,2126 Cake Mould Pan Set Baking Tray Removable Cake Mould Black (3 Pack),10,18,686,846120,
Kitchen,1499,2137,2137 Silicone Foldable Collapsible Electric Water Kettle Camping  Boiler,40,18,762,391000,
Kitchen,699,2142,2142 6 in 1 Stainless Steel Kitchen Chips Chopper Cutter Slicer and Grater with Handle,5,18,563,732393,
Kitchen,999,2143,2143 Compact Hand Electric Mixer/Blender for Whipping/Mixing with Attachments,30,18,593,846789,
Kitchen,799,2150,2150 Multi functional Electric 2 in 1 Egg Frying Pan with Egg Boiler Machine Measuring Cup with Handle,0,18,677,392410,
Kitchen,899,2151,2151 Stainless Steel Electric Kettle with Lid - 2 l,0,18,762,732393,
Kitchen,499,2161,2161 10 in 1 Multifunctional Vegetable Fruits Cutter/Slicer Shredder with Rotating Drain Basket,0,18,423,392410,
Kitchen,499,2162,2162 Hot N Fresh Insulated Plastic Casserole Gift Set (3 Pieces),0,18,423,392410,
"Kitchen Storage, Container & Rack",499,2174,2174 Multipurpose Rajwadi Style Spice & Pickle Jar Set 4 Containers with 2 spoons,5,18,402,392410,
Kitchen,999,2182,2182 Light Weight Plastic Dinner Set of 36 Pieces,10,18,762,392410,
Kitchen,999,2199,2199 Multipurpose Vegetable and Fruit Chopper Cutter Grater Slicer,30,18,593,392410,
"Kitchen Storage, Container & Rack",999,2201,2201 Compact Stainless Steel Airtight Lunch Box Set - 4 pcs (3 Leakproof Containers and 1 Bottle),20,18,677,732393,
Kitchen,399,2224,2224 BBQ Tandoor Skewers Grill Sticks for Barbecue (Pack of 12),10,18,304,732393,
Kitchen,1999,2225,2225 Folding Portable Barbeque BBQ Grill Set for Outdoor and Home,30,18,1186,851660,
Kitchen,499,2229,2229 Compact 6 in 1 Egg Boiler Cooker/Poacher,5,18,402,732393,
Home Improvement,699,2267,2267 5 LTR Water Rover Jug (Plastic) (Multi-coloured),10,18,533,392410,
"Kitchen Storage, Container & Rack",699,2274,"2274 Air Tight Apple Shape Storage Container - 500 ml, 800 ml and 1500 ml (4 Pcs Each Size, 12 Pcs)",0,18,592,392410,
Kitchen,1499,2285,2285 Stainless Steel Knife Set With Chef Peeler And Scissor (6 Pieces),40,18,762,732393,
"Kitchen Storage, Container & Rack",799,2286,2286 Matka Shaped Jar with Air Tight & Leak Proof Lid (Multicolour) (Set of 6) (900Ml),10,18,609,392410,
Kitchen,799,2297,"2297 12 in 1 Multipurpose Fruit & Vegetable Chopper, Slicer, Chipser, Dicer, Cutter and Grater",15,18,576,392410,
"Kitchen Storage, Container & Rack",1199,2298,"2298 Reusable Clear Square Container for Sugar, Salt, Dried Fruits, & More (1500 ML) (6 pcs)",25,18,762,392410,
Kitchen,499,2302,2302 Aluminium Silver Kitchen Foil Roll ( 72 Meter *),0,18,423,392410,
"Kitchen Storage, Container & Rack",449,2303,2303 Folding Shopping Portable Storage Basket,5,18,361,392410,
Kitchen,699,2305,2305 Metal Moulds for Baking Non-Stick Cake Tins (Pack of 3),10,18,533,846120,
Kitchen,405,2306,2306 Manual Knife Sharpener 3 Stage Sharpening Tool for Ceramic Knife and Steel Knives,5,18,326,392410,
Home Improvement,330,2307,2307 Telescopic Adjustable Faucet Rack Dish Brushes Sponge Storage Shelves Sink Drain,0,18,280,392410,
Shelves & Racks,999,2310,2310 Plastic 2 Layer Multi-Purpose Kitchen Storage Basket Rack,20,18,677,392410,
kitchen,1199,2313,2313 Aluminum Alloy Manual Fruit Press Juicer Fruit Hand Squeezer Heavy Duty,35,18,660,732393,
Kitchen,799,2318,2318  Ice Gola Maker Ice Snow Maker Machine,5,18,643,392410,
"Kitchen Storage, Container & Rack",499,2325,2325 Wall Mounted Cereal Dispenser Tank Grain Dry Food Container (1500ML) (Multicolour),10,18,381,392410,
Kitchen Tools,499,2327,2327 15 in 1 Stainless Steel Kitchen Press with Different Parts,0,18,423,392321,
Kitchen,1199,2330,2330 Stainless Steel Salad Vegetable Potato Chips Cutter Chopper,25,18,762,7220,
Kitchen,399,2342,2342 Heavy unbreakable Stylish Diamond look fully Transparent Plastic Glasses Set 260ml (6pcs),0,18,338,39241090,
Kitchen,499,2358,2358 Plastic Transparent Unbreakable Lemon Juice Jug Set and 6 pcs Glass,0,18,423,39241090,
"Kitchen Storage, Container & Rack",499,2360,2360 Stainless Steel Jar With Visible Container Glass Window & Airtight Lid (800ml),0,18,423,392410,
Kitchen,1999,2362,2362 Crystal Ice Cream Bowl Glass for Serving Set of 7pcs with 1 Large Bowl & 6 Medium Bowls,30,18,1186,70139900,
Kitchen,699,2369,2369 Manual Fruit & Vegetable Juicer with Steel Handle Fruit Juicer,15,18,504,392410,
Kitchen,599,2374,2374 Electric Mini Garlic Chopper (250ml),5,18,482,392410,
Kitchen,599,2379,2379 Multiple Shape Metal Moulds for Baking Non-Stick Cake Tins,5,18,482,391000,
Kitchen,599,2387,2387 Multipurpose Vegetable and Fruit Chopper Cutter Grater Slicer,5,18,482,3924,
Kitchen,599,2391,2391 Glass Kettle/Teapot with Stainless Steel Infuser & Lid,10,18,457,70139900,
"Kitchen Storage, Container & Rack",499,2408,"2408 Resistant Glass Jug for Juice, Milk, Cold or Hot Beverages",0,18,423,392410,
Kitchen,599,2414,"2414 Portable Mini Gas Travelling Stove, Small Gas Stove",0,18,508,7321,
Kitchen,599,2415,2415 Vegetable Cutter Chopper Chipser for Kitchen 12 in 1 (11 Blade and 1 Peeler),0,18,508,392410,
Kitchen,499,2430,2430 Manual Knife Sharpener 2 Stage Sharpening Tool for Ceramic Knife and Steel Knives,20,18,338,392410,
Toys For Kids,599,2431,2431 High Quality Multi-Utility Compact Foldable Table,10,18,457,392490,
"Kitchen Storage, Container & Rack",599,2444,2444 Crystal Seasoning Acrylic Box Pepper Salt Spice Rack,10,18,457,392410,
Kitchen,799,2445,2445 Manual Aluminium and Plastic Fruit Press Juicer,10,18,609,732393,
"Kitchen Storage, Container & Rack",799,2454,2454 Air Tight Unbreakable Big Size 1100 ml Square Shape Kitchen Storage Container (Set of 6),0,18,677,392410,
"Kitchen Storage, Container & Rack",499,2456,2456  jar Container Coming with Metal Air Tight and Rust Proof Cap (Set of 3),0,18,423,392410,
Kitchen,499,2463,2463 8 Piece Kitchen Knife Set for Kitchen,0,18,423,732393,
Kitchen,999,2467,2467  24 Pack Premium Stainless Steel Cutlery Set,5,18,804,392410,
Home Improvement,999,2501,2501 Foldable Height Adjusting Stool Space Saving Telescopic Stool,15,18,720,392690,
Home Improvement,999,2502,2502 Foldable Height Adjusting Stool Space Saving Telescopic Stool,15,18,720,392690,
"Kitchen Storage, Container & Rack",999,2506,2506 Electric Lunch Box Electric Tiffin Box,30,18,593,851690,
Kitchen,399,2516,2516 Combo Stainless Steel 9 Russian Cake Icing Nozzles,0,18,338,392410,
Kitchen,999,2533,"2533 Yogurt Maker Machine, Stainless Steel Inner Container Electric Yogurt Maker",30,18,593,392410,
Kitchen,399,2535,2535 Rolling Mat Silicone Baking Mat Fondant Mat Sheet Chapati,5,18,321,392620,
Kitchen,499,2542,2542 Stainless Steel and Plastic Insulated Lunch Box of 3 Air Tight Containers with Bag Cover,0,18,423,392410,
"Kitchen Storage, Container & Rack",1999,2550,2550 Easy Flow Cereal Dispenser for Kitchen 3 in 1 Push Button Wall Mount Container,40,18,1016,392410,
Kitchen,599,2551,2551 Multipurpose Top Kitchen Knife for Home and Restaurant (12Pcs Set),30,18,355,392410,
Kitchen,499,2556,"2556 Creative Snack Dish, Five trellised Family Fruit Dessert set",5,18,402,392410,
Home Decor,599,2559,2559 Pot Stand for Home Garden Balcony Living Room Decor,0,18,508,732393,
Kitchen,599,2563,2563 Wall Mounted Oil Dispenser Bottle,10,18,457,392410,
Home Improvement,599,3107,3107 Acrylic Wall Mount Shelf Rack Kitchen and Bathroom Accessories (15X5-inch),10,18,457,392690,
Kitchen,499,3306,3306 Silicone 6-Cavity Half Circle Half Sphere Half Round Hemisphere Baking Mould Chocolate Desserts Ice Cream Bombs Soap (Random Colour),30,18,296,391000,
Toys For Kids,999,4603,"4603 Musical Learning Study Book with Numbers, Letters",15,18,720,950300,
Home Improvement,1999,4612,4612 Silent and Portable High Speed Foldable Table Fan with USB Charging Feature,30,18,1186,392690,
Home Improvement,1999,4624,4624 Portable 2 Tier Stainless Steel and Plastic Cloth Drying Stand with Double Pole,10,18,1525,392410,
Home Improvement,999,4649,4649 Adjustable Folding Clothes Steel Drying Racks Hanger Shelf,10,18,762,392410,
Sports,999,4662,4662 Portable Magnetic Score Dart Board Set,10,18,762,950300,
Cleaning Supplies,999,4664,4664 Cleaning 360 Degree Healthy Spray Mop with Removable Washable Cleaning Pad,20,18,677,392620,
Kitchen,499,4668,4668 Silicone Plastic Folding Collapsible Durable Kitchen Sink Dish Rack,0,18,423,391000,
Kitchen,599,4690,4690 Silicone Anti Slip Food Grade Round Coasters Trivets Mat Pads,25,18,381,391000,
Kitchen,899,7007,"7007 Stainless Steel Stylish Cutlery Set with Spoons, Forks, Butter Knives for Stylish Dining (Set of 24 Pcs)",5,18,724,732393,
Kitchen,999,7027,7027 Electric Fruit Vegetable Onion Garlic Cutter Food Speedy Chopper,40,18,508,392410,
Ayurvedic and Herbal products,850,AG338,Organic Ashwagandha Powder 200gms,30,5,567,12119099,
Ayurvedic and Herbal products,675,AL333,Organic Amla Powder 200 gms,30,5,450,12119099,
Ayurvedic and Herbal products,675,AR506,ARSOVEDIC - 60 Tablets,25,12,452,30049011,
Ayurvedic and Herbal products,690,AT406,ArthroPlus - 30 Capsule,30,12,431,30049011,
Ayurvedic and Herbal products,700,AT492,ArthroPlus Joint Care Oil - 100 ml,30,12,438,30049011,
Ayurvedic and Herbal products,625,BM337,Organic Brahmi Powder 200 gms,25,5,446,12119099,
Ayurvedic and Herbal products,540,C3094,Arjuna 120 capsules,20,12,386,12119099,
Ayurvedic and Herbal products,545,C3100,Ashwagandha 120 capsules,20,12,389,30049011,
Ayurvedic and Herbal products,555,C3117,Brahmi 120 capsules,20,12,396,30049011,
Ayurvedic and Herbal products,525,C3193,Senna 120 capsules,20,12,375,30049011,
Ayurvedic and Herbal products,890,C3254,Musli 120 capsules,35,12,517,30049011,
Ayurvedic and Herbal products,920,C3261,Shilajit 120 capsules,40,12,493,30049011,
Ayurvedic and Herbal products,585,C3278,Punarnava 120 capsules,25,12,392,30049011,
Ayurvedic and Herbal products,640,CL819,CALCIPLUS - 60 Capsules,25,12,429,30049011,
Ayurvedic and Herbal products,675,CM508,CalmPlus - 30 Capsule,30,12,422,30049011,
Ayurvedic and Herbal products,540,CP0827,Herbo Mud Pack - 50g,20,18,366,33049990,
Ayurvedic and Herbal products,540,CP7168,Herbo Scrub Cream - 50g,20,18,366,33049990,
Ayurvedic and Herbal products,665,DB403,DIABOVEDIC - 60 Tablets,25,12,445,30049011,
Ayurvedic and Herbal products,675,DG404,DIGESHERBO - 60 Tablets,25,12,452,30049011,
Ayurvedic and Herbal products,615,DT402,DETOXHERBO - 60 Tablets,20,12,439,30049011,
Ayurvedic and Herbal products,450,EC6939,Herbo Under Eye Cream - 25g,10,18,343,33049990,
Ayurvedic and Herbal products,665,FM408,FemoPlus - 30 Capsule,25,12,445,30049011,
Ayurvedic and Herbal products,675,GL407,GlowPlus - 30 Capsule,25,12,452,30049011,
Ayurvedic and Herbal products,530,GL609,Herbo Aayu Cream - 50g,20,18,359,33049990,
Ayurvedic and Herbal products,600,GT005,GAUTYPLUS - 60 Tablets,20,12,429,30049011,
Ayurvedic and Herbal products,600,HD334,Organic Haritaki Powder 200 gms,25,5,429,12119099,
Ayurvedic and Herbal products,650,HE507,HEMOVEDIC - 60 Tablets,25,12,435,30049011,
Ayurvedic and Herbal products,665,IM409,ImmunoPlus - 30 Capsule,25,12,445,30049011,
Ayurvedic and Herbal products,500,J4931,DiaboHerbo T - 30 Tea Tablets,15,12,379,30049011,
Ayurvedic and Herbal products,428,J6798,Tulsi Ark 30ml drops,5,12,363,30049011,
Ayurvedic and Herbal products,515,KS060,Kesho Hair Oil 100 ml,15,12,391,30049011,
Ayurvedic and Herbal products,650,KS411,KESHOVEDIC - 60 Tablets,25,12,435,30049011,
Ayurvedic and Herbal products,565,KS610,Kesho Hair Wash 200ml - Anti Dandruff Hair Lotion,20,18,383,33051090,
Ayurvedic and Herbal products,615,LF085,LIVVEDIC - 60 Tablets,20,12,439,30049011,
Ayurvedic and Herbal products,600,MR215,MIGRAPLUS - 60 Tablets,20,12,429,30049011,
Ayurvedic and Herbal products,590,NM336,Organic Neem powder 200 gms,20,5,450,12119099,
Ayurvedic and Herbal products,670,OC509,OccuPlus- 30 Capsule,25,12,449,30049011,
Ayurvedic and Herbal products,625,P6092,Organic Bhringraj Powder - 200gms,25,5,446,12119099,
Ayurvedic and Herbal products,700,P6108,Organic Punarnava Powder - 200gms,30,5,467,12119099,
Ayurvedic and Herbal products,640,P6115,Organic Krounchbeej Powder - 200gms,25,5,457,12119099,
Ayurvedic and Herbal products,640,P6122,Organic Jambu beej Powder - 200gms,25,5,457,12119099,
Ayurvedic and Herbal products,590,PC498,PROVEDIC - 60 Tablets,20,12,421,30049011,
Ayurvedic and Herbal products,750,RE479,REVEPLUS - 60 Capsules,30,12,469,30049011,
Ayurvedic and Herbal products,360,SH404,Lemongrass - 200 gms,0,12,321,30049011,
Ayurvedic and Herbal products,590,SI314,Spirulina 120 Tablets,25,12,395,30049011,
Ayurvedic and Herbal products,665,SR410,SmrutiPlus - 30 Capsule,25,12,445,30049011,
Ayurvedic and Herbal products,550,ST004,STONVEDIC - 60 Tablets,20,12,393,30049011,
Ayurvedic and Herbal products,740,SV335,Organic Shatavari Powder 200 gms,25,5,529,12119099,
Ayurvedic and Herbal products,540,T0605,KofHerboT Kwath - 30 Tea Tablets,20,12,386,30049011,
Ayurvedic and Herbal products,575,T3308,Triphala 120 Tablets,20,12,411,30049011,
Ayurvedic and Herbal products,565,T3315,Guggul 120 Tablets,20,12,404,30049011,
Ayurvedic and Herbal products,400,T3322,Moringa 120 Tablets,5,12,339,30049011,
Ayurvedic and Herbal products,680,T9018,Amla 120 Tablets,30,12,425,30049011,
Ayurvedic and Herbal products,730,T9025,Ashwagandha 120 Tablets,30,12,456,30049011,
Ayurvedic and Herbal products,650,T9032,Giloy 120 Tablets,25,12,435,30049011,
Ayurvedic and Herbal products,680,T9049,Jambu 120 Tablets,30,12,425,30049011,
Ayurvedic and Herbal products,830,T9056,Musli 60 Tablets,30,12,519,30049011,
Ayurvedic and Herbal products,705,T9063,Senna 120 Tablets,30,12,441,30049011,
Ayurvedic and Herbal products,750,T9070,Shatavari 120 Tablets,30,12,469,30049011,
Ayurvedic and Herbal products,680,T9087,Tulsi 120 Tablets,25,12,455,30049011,
Ayurvedic and Herbal products,715,T9094,Turmeric 120 Tablets,30,12,447,30049011,
Ayurvedic and Herbal products,650,TL332,Organic Triphala Powder 200 gms,25,5,464,12119099,
Ayurvedic and Herbal products,700,TR405,TRIMOHERBO - 60 Tablets,30,12,438,30049011,
Ayurvedic and Herbal products,525,TR405,TrimoHerbo T - 30 Tea Tablets,15,12,398,30049011,
Ayurvedic and Herbal products,700,VT412,VitoPlus - 30 Capsules,30,12,438,30049011,
Chocolate,350,0048,0048 Chocotown Premium Dark Compound 400gm | Chocotown Dark Choco Slab,0,18,296,180610,https://cdn.shopify.com/s/files/1/1916/9825/products/dark_front_5bf4d97b-7135-4ac1-9a48-e3a34bc96a74.jpg?v=1606564395
Chocolate,350,0049,0049 Chocotown Premium Milk Compound 400gm | Chocotown Milk Choco Slab |,0,18,296,180610,https://cdn.shopify.com/s/files/1/1916/9825/products/milk_front_4d348e8d-908f-4c27-8e29-5205c7dae1b6.jpg?v=1606564404
Chocolate,400,0050,0050 Chocotown Premium White Compound 400gm | Chocotown White Choco Slab |,10,18,305,180610,https://cdn.shopify.com/s/files/1/1916/9825/products/white_front_68901cc5-6c82-4552-9187-f9ba5c1b5d51.jpg?v=1606564414
"Jams, Honey & Spreads",350,0055,0055_Choco Nutri Chocolate Spreads - Premium Dark Chocolate Spread - 350 gm,0,18,296,180610,https://cdn.shopify.com/s/files/1/1916/9825/products/1_b6d088da-20e8-4722-988e-e07b4f6e40bc.jpg?v=1606564488
Kitchen,250,0060,0060 Power free blender,0,18,211,392410,https://cdn.shopify.com/s/files/1/1916/9825/products/SKUCODE_5508fa99-4f1a-4972-aa99-4e4f0e76a812.jpg?v=1622137117
Kitchen Tools,300,0065A,0065A Manual Stainless Steel Compact Extra Sharp Vegetable Chopper with 5 Blades (750 ml),5,18,241,392410,https://cdn.shopify.com/s/files/1/1916/9825/products/0065A.jpg?v=1633521871
Kitchen,350,0067,0067 2 in 1 Kitchen Vegetable Smart Cutter and Chopper,25,18,222,392440,https://cdn.shopify.com/s/files/1/1916/9825/products/0067.jpg?v=1617924139
Kitchen,400,0070,"0070 Plastic 4 Compartment Sprout Maker, White",5,18,322,392410,https://cdn.shopify.com/s/files/1/1916/9825/products/0070.jpg?v=1617924154
Kitchen Tools,600,0072,0072 Manual Food Chopper (Food Processor) (800 ml),50,18,254,392410,https://cdn.shopify.com/s/files/1/1916/9825/products/0072SKUCODE.jpg?v=1619722864
Kitchen,2000,0082,"0082 Smokeless Electric Indoor Barbecue Grill, 2000w",40,18,1017,851660,https://cdn.shopify.com/s/files/1/1916/9825/products/0082_d1ca3651-e0b0-4217-80fe-7fca469fd0e2.jpg?v=1630007279
Kitchen,300,0084,0084 Stainless Steel Vegetable Cutter Chopper (Chilly Cutter),0,12,267,392690,https://cdn.shopify.com/s/files/1/1916/9825/products/0084.jpg?v=1618531145
Kitchen,650,0090,"0090 Kitchen Press Set 12 pcs, Silver (Kitchen_Press)",30,12,406,392321,https://cdn.shopify.com/s/files/1/1916/9825/products/0090.jpg?v=1633934323
Kitchen,350,0093,"0093 Plastic 3 Compartment Sprout Maker, White",5,18,281,392321,https://cdn.shopify.com/s/files/1/1916/9825/products/0093.jpg?v=1617924203
"Kitchen Storage, Container & Rack",500,0096,"0096 Plastic Easy Flow Storage Jar with Lid (750ml, Set of 6)",20,18,339,392410,https://cdn.shopify.com/s/files/1/1916/9825/products/0096_f91fa0e7-59ea-4bca-9cda-0b96e3adddd1.jpg?v=1630007291
Kitchen,750,0098,"0098 Foldable Chopping Board, Dish Rack, Washing Bowl & Draining Basket, 3in1 Multi-Function",45,18,349,392410,https://cdn.shopify.com/s/files/1/1916/9825/products/0098.jpg?v=1617924209
"Kitchen Storage, Container & Rack",200,0113,"0113 Adjustable Fridge Storage Basket, Fridge Racks Tray Sliding Storage Racks (1Pc)",0,18,169,392410,https://cdn.shopify.com/s/files/1/1916/9825/products/0113.jpg?v=1620939603
Kitchen,300,0116,0116 Hand Press Water Pump Dispenser,0,5,285,392690,https://cdn.shopify.com/s/files/1/1916/9825/products/0116.jpg?v=1617924256
Kitchen,250,0117,0117 Stainless Steel Vegatable and Dry Fruit Slicer/Cutter,5,18,201,392690,https://cdn.shopify.com/s/files/1/1916/9825/products/0117.jpg?v=1617924257
"Kitchen Storage, Container & Rack",300,0122,"0122 Plastic Spice Jars (6 pcs, 14x22x8cm, Multicolour)",5,18,241,392410,https://cdn.shopify.com/s/files/1/1916/9825/products/0122_df0c034d-407a-4a43-b391-1d1c33d68827.jpg?v=1632723687
Kitchen,1000,0126,"0126 Folding Barbeque Charcoal Grill Oven (Black, Carbon Steel)",25,18,635,851660,https://cdn.shopify.com/s/files/1/1916/9825/products/0126SKUCODE.jpg?v=1615511132
"Kitchen Storage, Container & Rack",700,0128,"0128 Steel Lunch Box Set (5 pcs, Black)",0,12,625,732399,https://cdn.shopify.com/s/files/1/1916/9825/products/0128.jpg?v=1617924282
Kitchen,250,0132,0132 Stainless Steel Lemon Squeezer,5,18,201,732393,https://cdn.shopify.com/s/files/1/1916/9825/products/0132.jpg?v=1617924291
Kitchen,250,0134,0134 Multi Crusher/Grinder/Cutter,0,18,211,392410,https://cdn.shopify.com/s/files/1/1916/9825/products/0134.jpg?v=1617924295
Kitchen,200,0136,0136 Spatula and Pastry Brush for Cake Mixer,0,18,169,392410,https://cdn.shopify.com/s/files/1/1916/9825/products/0136.jpg?v=1617924299
Kitchen,300,0143,0143 Potato cutter/French Fried Cutter,10,18,228,392410,https://cdn.shopify.com/s/files/1/1916/9825/products/0143.jpg?v=1617924314
Kitchen,250,0154,0154 Plastic Adjustable Flame & Gas refillable Lighter (Multicolour),0,18,211,961380,https://cdn.shopify.com/s/files/1/1916/9825/products/0154.jpg?v=1617924337
Cleaning Supplies,250,0159,0159 Plastic Wash Basin Brush Cleaner with Liquid Soap Dispenser (Multicolour),5,18,201,392690,https://cdn.shopify.com/s/files/1/1916/9825/products/0159_ace5cf32-213b-48ce-bdfd-f440821b3ebf.jpg?v=1622732919
Cleaning Supplies,250,0194,0194 Wire Wheel Cup Brush (Gold),0,18,211,830890,https://cdn.shopify.com/s/files/1/1916/9825/products/0194.jpg?v=1618531206
Cleaning Supplies,250,0195,0195 Wire Wheel Cup Brush (Black),0,18,211,830890,https://cdn.shopify.com/s/files/1/1916/9825/products/0195.jpg?v=1618531208
Kitchen,250,0215,0215 HandHeld Sealer (Mini Sealing Machine),0,18,211,392690,https://cdn.shopify.com/s/files/1/1916/9825/products/0215.jpg?v=1618531243
Home Decor,300,0217,"0217 LED Dream Night Light, Auto ON/Off Sensor Mushroom Lamp (Multicolor)",10,18,228,940540,https://cdn.shopify.com/s/files/1/1916/9825/products/0217.jpg?v=1618531246
Home Improvement,250,0224,0224 Faucet Anti-Splash Expandable Head Nozzle Bathroom Tap Adjustable Splash Sprinkler Head Sprinkler Water Saving Device Faucet Regulator (Multi Color),0,18,211,392410,https://cdn.shopify.com/s/files/1/1916/9825/products/02224.jpg?v=1618531262
Home Improvement,250,0235,0235 5-Compartments Socks/Handkerchief/Underwear Storage Box Socks Drawer Closet Organizer Storage Boxes (pack of 2),0,18,211,392690,https://cdn.shopify.com/s/files/1/1916/9825/products/0235.jpg?v=1618531308
Home Decor,300,0239,0239 Night Light Mushroom Lamp (Colorful),15,18,216,940540,https://cdn.shopify.com/s/files/1/1916/9825/products/0239.jpg?v=1618531316
Home Decor,500,0241,"0241 Festival Decorative - LED Tealight Candles (Multi, 24 Pcs)",0,18,423,940540,https://cdn.shopify.com/s/files/1/1916/9825/products/Untitled-8_d2afa844-fda4-4ecd-b6f9-0369eec889dc.jpg?v=1629391725
Repellents,300,0246,0246 PCI Big Size Mouse Trap,15,18,216,350699,https://cdn.shopify.com/s/files/1/1916/9825/products/0246.jpg?v=1618531327
Home Improvement,300,0248,0248 Laundry Hamper Mesh Fabric For Ventilation Foldable Storage Pop Up Clothes Basket,15,18,216,420211,https://cdn.shopify.com/s/files/1/1916/9825/products/0248.jpg?v=1618531331
Kitchen,300,0250,0250 Pista Nut Fruit Platter Serving Bowl With Mobile Phone Holder by HomeFast,0,18,254,392410,https://cdn.shopify.com/s/files/1/1916/9825/products/0250.jpg?v=1618531334
Home Decor,350,0255,0255 Portable LED Reading Light Adjustable Dimmable Touch Control Desk Lamp,25,18,222,940540,https://cdn.shopify.com/s/files/1/1916/9825/products/0255.jpg?v=1618531347
Mobile Accessories,400,0262,0262 Flexible Adjustable 360 Rotable Mount Cell Phone Holder,30,18,237,392690,https://cdn.shopify.com/s/files/1/1916/9825/products/0262.jpg?v=1618531360
Mobile Accessories,250,0271,0271 Wireless/Bluetooth Selfie Stick,0,18,211,852990,https://cdn.shopify.com/s/files/1/1916/9825/products/0271.jpg?v=1618531376
Computer Accessories,650,0276,0276 Polyester Black Laptop Bag,10,18,495,420212,https://cdn.shopify.com/s/files/1/1916/9825/products/0276.jpg?v=1621546345
Computer Accessories,650,0277,0277 Laptop Bag (15.6 inch),10,18,495,420212,https://cdn.shopify.com/s/files/1/1916/9825/products/0277_7f425b5f-b386-4da6-9919-497bed0eb668.jpg?v=1618531387
Automotive,250,0278,0278 Anti-Scratch Universal Fit Silicon Gear Shift Knob Protective Cover,0,18,211,401590,https://cdn.shopify.com/s/files/1/1916/9825/products/0278.jpg?v=1618531389
Mobile Accessories,300,0284,0284 Universal Bike & Bicycle Mobile Mount Holder,15,18,216,871491,https://cdn.shopify.com/s/files/1/1916/9825/products/0284.jpg?v=1618531400
Mobile Accessories,300,0303,0303 Mobile Phone Holder Multi-Functional Cute Warm Snake Holder,5,18,241,392620,https://cdn.shopify.com/s/files/1/1916/9825/products/0303SKUCODE.jpg?v=1618531450
Home Improvement,250,0360,"0360 Makeup Cutlery Box Girl,make up Organizer, Cutlery set box",0,18,211,392620,https://cdn.shopify.com/s/files/1/1916/9825/products/0360.jpg?v=1618531634
"Beauty, Health & Personal Care",300,0368,0368 Plastic Cooling Gel Eye Mask,20,18,203,630710,https://cdn.shopify.com/s/files/1/1916/9825/products/SKUCODEcopy_71df7a35-9a48-457c-97ec-9b079f67643d.jpg?v=1621546349
Baby Care,200,0378,0378 Adjustable Safe Soft Baby Shower cap,0,18,169,392210,https://cdn.shopify.com/s/files/1/1916/9825/products/SKUCODEcopy_e07fcd3d-3e84-43cf-8d6f-6c62597b0efc.jpg?v=1618531702
"Beauty, Health & Personal Care",400,0384,0384 (Large) Rubber Hot Water Heating Pad Bag for Pain Relief (1400 ML),25,18,254,401590,https://cdn.shopify.com/s/files/1/1916/9825/products/SKUCODEcopy_b9301fc2-ffc8-428c-9918-354b91456187.jpg?v=1618531716
"Beauty, Health & Personal Care",300,0394,0394 (Medium) Rubber Hot Water Heating Pad Bag for Pain Relief (750 ML),5,18,241,401590,https://cdn.shopify.com/s/files/1/1916/9825/products/01_0450498b-ade1-4aa6-a3cb-a47b7006efc0.jpg?v=1633420242
Home Improvement,700,0396,0396 Ice Cream Design LED Humidifier for Freshening Air & Fragrance (Multicoloured),25,18,445,392620,https://cdn.shopify.com/s/files/1/1916/9825/products/3333.jpg?v=1618490038
"Beauty, Health & Personal Care",300,0403,0403 Cold Eye Mask with Stick-on Straps (Green),30,18,178,950590,https://cdn.shopify.com/s/files/1/1916/9825/products/1_5d6e3d1b-6997-4bed-8e64-2bcca3bcfdee.jpg?v=1617924397
Hardware Fitting,300,0405,0405 Flex Tape,5,18,241,391990,https://cdn.shopify.com/s/files/1/1916/9825/products/SKUCODEcopy_a807bd26-9b61-4bfd-9699-901267e2e33b.jpg?v=1618531753
Power & Hand tools,350,0444,0444 Heavy Duty Combination Plier Wire Cutters,20,18,237,820510,https://cdn.shopify.com/s/files/1/1916/9825/products/SKUCODEcopy_35b3ecb3-5857-4186-bc12-07bea6405ad4.jpg?v=1619125405
Hardware Fitting,500,0450,0450 LCD Screen Digital Caliper (6 inch),0,18,423,830710,https://cdn.shopify.com/s/files/1/1916/9825/products/04510_e49454d7-4c92-4253-8a1e-4c0e827581c4.jpg?v=1628184384
Power & Hand tools,450,0451,0451 -24pcs T shape screwdriver set Batch Head Ratchet Pawl Socket Spanner hand tools,35,18,248,820540,https://cdn.shopify.com/s/files/1/1916/9825/products/SKUCODEcopy_0ff617b4-68d5-4d58-8118-e3b18f9bc5e6.jpg?v=1619125417
Power & Hand tools,350,0458,"0458 Metal Glass Cutter, Gold",15,18,252,820790,https://cdn.shopify.com/s/files/1/1916/9825/products/SKUCODEcopy_cad5e8ef-3c54-442d-a6ec-64dd8c706eda.jpg?v=1619125430
Garden,350,0465,0465 Stainless Steel Garden Scissors,15,0,,820890,https://cdn.shopify.com/s/files/1/1916/9825/products/SKUCODEcopy_6c8b14a8-b2ea-4788-9446-fe4da3d80f4e.jpg?v=1625755196
Garden,200,0474,"0474 Hand Cultivator (Steel, Black)",0,18,169,820740,https://cdn.shopify.com/s/files/1/1916/9825/products/SKUCODEcopy_95a69f89-0250-4359-bf74-c793a65215cb.jpg?v=1619125476
Garden,200,0475,"0475 Hand Weeding Fork (Steel, Black)",0,18,169,820740,https://cdn.shopify.com/s/files/1/1916/9825/products/SKUCODEcopy_d9fae573-de0b-4ca1-9cae-65abc4d116b0.jpg?v=1619125478
Garden,200,0476,"0476 Hand Digging Trowel (Steel, Black)",0,18,169,820740,https://cdn.shopify.com/s/files/1/1916/9825/products/SKUCODEcopy_7371bb36-289f-427b-a2c6-eb5172b5010c.jpg?v=1619125481
Hardware Fitting,300,0481,"0481_Aluminium Profile Handle, 8Inch (Silver)",0,18,254,760410,https://cdn.shopify.com/s/files/1/1916/9825/products/0481SKUCODE.jpg?v=1619125497
Garden,800,0484,0484 Gardening Tools - Heavy Duty Hedge Shear Adjustable Garden Scissor with Comfort Grip Handle,35,18,440,820340,https://cdn.shopify.com/s/files/1/1916/9825/products/SKUCODEcopy_465265a6-75d0-4593-9abc-70d3e7672291.jpg?v=1619125510
Automotive,650,0504,0504 Electric DC12V Tire Inflator Compressor Pump,10,18,495,841420,https://cdn.shopify.com/s/files/1/1916/9825/products/0504.jpg?v=1618531971
Travel,250,0511,0511 Travel Neck Support Rest Pillow,0,5,238,401610,https://cdn.shopify.com/s/files/1/1916/9825/products/051102_6f012d2e-0858-4d01-bac5-c36a2cbdb84a.jpg?v=1628791699
Travel,300,0513,0513 Multicolor Luggage Strap (2 pcs),10,5,257,560710,https://cdn.shopify.com/s/files/1/1916/9825/products/0513.jpg?v=1618531985
Stationery,300,0527,0527 Hand-Held Optical Grade Magnifying Glass with Compass (90mm),10,18,228,701310,https://cdn.shopify.com/s/files/1/1916/9825/products/0527.jpg?v=1618532018
Travel,300,0537,0537 Car Dustbin/Mini Car Trash Bin/Car Ashtray,20,18,203,392690,https://cdn.shopify.com/s/files/1/1916/9825/products/05374.jpg?v=1630602392
Garden,350,0541,"0541 Small sized Hand Cultivator, Small Trowel, Garden Fork (Set of 3)",25,18,222,820790,https://cdn.shopify.com/s/files/1/1916/9825/products/0541_0021c1df-9e7d-46a3-91fa-b9b9a1e48344.jpg?v=1618399826
Travel,700,0546,0546 Portable LCD Digital Hanging Luggage Scale,30,18,415,690919,https://cdn.shopify.com/s/files/1/1916/9825/products/0546.jpg?v=1618532063
Kitchen,650,0549,"0549 Digital Portable Hook Type Weighing Scale (50 kg, Multicolor)",40,18,330,690919,https://cdn.shopify.com/s/files/1/1916/9825/products/0549.jpg?v=1618532074
Kitchen,250,0579,"0579 Set of 4 Stainless Steel Straws & Brush (2 Straight straws, 2 Bent straws, 1 Brush)",5,12,212,732393,https://cdn.shopify.com/s/files/1/1916/9825/products/057901.jpg?v=1630007359
Kitchen,450,0584,0584 Food Grade Silicone Straws (4pcs),30,18,267,392690,https://cdn.shopify.com/s/files/1/1916/9825/products/0584.jpg?v=1619125604
"Kitchen Storage, Container & Rack",250,0608,"0608 Multipurpose Dining Set Jar and tray holder, Chutneys/Pickles/Spices Jar - 2pc",,18,211,392410,https://cdn.shopify.com/s/files/1/1916/9825/products/0608.jpg?v=1619125644
"Kitchen Storage, Container & Rack",350,0609,"0609 Multipurpose Dining Set Jar and tray holder, Chutneys/Pickles/Spices Jar - 3pc",25,18,222,392410,https://cdn.shopify.com/s/files/1/1916/9825/products/0609.jpg?v=1619125646
Kitchen,250,0646,0646 Mini Donut Maker Dispenser - Plastic Vada/Meduwada Maker,10,18,190,392410,https://cdn.shopify.com/s/files/1/1916/9825/products/0646.jpg?v=1619125726
Travel,200,0659,0659L Unbreakable Magic Cup/Folding/Pocket Glass for Travelling (Loose Pack),,18,169,392410,https://cdn.shopify.com/s/files/1/1916/9825/products/0659.jpg?v=1633957374
Gloves,300,0673,0673 Multipurpose Natural Gum Rubber Reusable Cleaning Gloves,15,18,216,401590,https://cdn.shopify.com/s/files/1/1916/9825/products/0673_793051ba-dece-40a6-80ed-13389b3e26d1.jpg?v=1619125777
Gloves,200,0680,0680 Multipurpose Rubber Reusable Cleaning Gloves,,18,169,401590,https://cdn.shopify.com/s/files/1/1916/9825/products/01_04b36402-a778-46ae-9622-daf9b012c565.jpg?v=1633521984
Cleaning Supplies,600,0707,0707 Multipurpose Microfiber Cleaning Duster With Extendable Telescopic Wall Hanging Handle,50,18,254,392690,https://cdn.shopify.com/s/files/1/1916/9825/products/01_697237f8-3aca-4dd9-8cbd-a20e46384d2e.jpg?v=1619125787
Gloves,400,0717,0717 Hand Gloves Leather Split 1 Pair,30,18,237,401590,https://cdn.shopify.com/s/files/1/1916/9825/products/SKUCODE_d37dc2f9-15af-4638-be37-ce178a5f1320.jpg?v=1619125820
Garden,300,0718,0718 Garden Genie Gloves,15,18,216,401590,https://cdn.shopify.com/s/files/1/1916/9825/products/SKUCODE_1fa504db-a668-4982-9c07-df59b0c83e13.jpg?v=1619125822
Home Improvement,1500,0755,0755_ABS Unbreakable Plastic SOAP Dish SOAP Holder Wall Mounted for Bathroom | Sqaure Shaped | Clear Color,85,18,191,392690,https://cdn.shopify.com/s/files/1/1916/9825/products/1_4802ccb0-2c1a-4dc0-9212-543b3e5cc196.jpg?v=1606574184
Baking Tools & Accessories,300,0805,0805 Cake Decorating Nozzle with Piping Bag Stainless Steel Piping Cream Frosting Nozzles,20,18,203,392410,https://cdn.shopify.com/s/files/1/1916/9825/products/SKUCODE_1be72ce3-0fa9-4423-8b53-f5602aa017fe.jpg?v=1619722887
Kitchen,250,0836,0836 12 Piece Cake Decorating Set of Measuring Cup Oil Basting Brush,,18,211,392490,https://cdn.shopify.com/s/files/1/1916/9825/products/SKUCODE0836_106736bf-80d3-434c-b08f-0aac5671759a.jpg?v=1623344660
Gift,500,0866,0866 Silver color Coin for Gift & Pooja (Not silver metal),60,3,,711890,https://cdn.shopify.com/s/files/1/1916/9825/products/41Z-ej1jfjL.jpg?v=1606575613
Home Decor,650,0868,0868 Camping Inflatable Lounger Sofa,0,18,550,401590,https://cdn.shopify.com/s/files/1/1916/9825/products/Cloud-Lounger_e6002cd9-76e3-4d5a-b5f8-941f1402a77a.jpg?v=1606575644
Garden,250,0873,0873 Plastic Twist Tie Wire Spool With Cutter For Garden Yard Plant 50m (Green),0,18,211,392690,https://cdn.shopify.com/s/files/1/1916/9825/products/510MqAVoc5L._SL1002.jpg?v=1606575719
Other,750,0905,0905 Tamper Proof Courier Bags(12X14 PLAIN 180 POD M1) - 100 pcs,10,18,572,392391,https://cdn.shopify.com/s/files/1/1916/9825/products/2_cc56270e-08dd-4910-bf43-52a445392957.jpg?v=1606575942
Other,500,0912,0912 Tamper Proof Polybag Pouches Cover for Shipping Packing (Size 9 x12),0,18,423,392391,https://cdn.shopify.com/s/files/1/1916/9825/products/SKUCODE0912.jpg?v=1617332259
Other,450,0931,"0931  POD pouch Secure Tamper Proof Courier Bags,100 pcs (7 x 11 Inch)",15,18,324,392321,https://cdn.shopify.com/s/files/1/1916/9825/products/7x11inchpolybag.jpg?v=1606576082
Baby Care,750,0954,"0954 Premium Champs High Absorbent Pant Style Diaper Large Size, 34 Pieces (954_Large_34)",0,12,669,961900,https://cdn.shopify.com/s/files/1/1916/9825/products/81ERiXf31cL._SL1500_6c9d2cb0-7fe1-4478-8860-d49c14759fa6.jpg?v=1606576144
Baby Care,750,0956,"0956 Premium Champs High Absorbent Pant Style Diaper Extra Large(XL) Size, 32 Pieces (956_XLar_32)",0,12,669,961900,https://cdn.shopify.com/s/files/1/1916/9825/products/41lbmnpYE7L_3e4edfa1-a4b0-4337-8b13-75e1913f3ab6.jpg?v=1606576150
Chocolate,300,1005,"1005 Effete Emperor Center Filled Choco (32 Units, 245 gm)",10,18,228,180690,https://cdn.shopify.com/s/files/1/1916/9825/products/2fe2bcbb-9d37-4388-be6f-51d191e1889b.jpg?v=1606576175
"Kitchen Storage, Container & Rack",300,1080,1080 Reusable Silicone Airtight Leakproof Food Storage Bag - 1 ltr,0,18,254,391000,https://cdn.shopify.com/s/files/1/1916/9825/products/1080_1a21953e-a2de-4f9c-af26-a584ebbbdcb3.jpg?v=1615511209
Toys For Kids,250,1085,"1085 Motivation Stamps Pencil Top for Students, Kids (10Pack)",0,18,211,392690,https://cdn.shopify.com/s/files/1/1916/9825/products/51tOzGbR7dL.jpg?v=1610075201
Toys For Kids,300,1092,"1092 Art and Craft Color Kit (Crayons, Water Color, Sketch Pens) - 42 Pcs",0,18,254,392690,https://cdn.shopify.com/s/files/1/1916/9825/products/1_2ca628cc-d0ae-411f-886a-e684710a4b5b.jpg?v=1618532099
Home Improvement,300,1122,1122 Multifunction Folding Slippers/Shoes Hanger Organizer Rack,5,18,241,392490,https://cdn.shopify.com/s/files/1/1916/9825/products/SKUCODE1122.jpg?v=1618532101
Home Improvement,300,1125,1125 Closet Organizer Drawer Dividers Plastic Partition Cabinet Clapboard - 8 Pcs,0,18,254,392490,https://cdn.shopify.com/s/files/1/1916/9825/products/SKUCODE1125.jpg?v=1613085682
Kitchen,300,1137,1137 Cake Decorating Baking 3 Cavity Cactus Silicone Chocolate Mold (Pink),0,18,254,391000,https://cdn.shopify.com/s/files/1/1916/9825/products/1137SKUCODE.jpg?v=1613684552
Kitchen,300,1144,1144  Silicone Ice Cube Trays 24 Cavity Per Ice Tray [Multicolour],0,18,254,391000,https://cdn.shopify.com/s/files/1/1916/9825/products/9879846549841.jpg?v=1615511225
Shelves & Racks,300,1164,1164 Plastic Grid Drawer Divider Household Storage Strips (Pack of 8),0,18,254,820540,https://cdn.shopify.com/s/files/1/1916/9825/products/SKUCODE1111.jpg?v=1617332403
"Kitchen Storage, Container & Rack",300,1176,1176 Reusable Airtight Seal Storage Freezer Leak-Proof Silicone Food Bag (Pack of 2) (350ml & 750ml),0,18,254,392690,https://cdn.shopify.com/s/files/1/1916/9825/products/1176.jpg?v=1619254108
Baby Care,500,1223,1223 Electric Baby Nail Trimmer with Grinding Heads for Newborn Infant and Toddler,0,18,423,821420,https://cdn.shopify.com/s/files/1/1916/9825/products/WhatsAppImage2020-09-10at5.27.35PM_1.jpg?v=1606576538
Repellents,300,1246,"1246 Mosquito Repeller Rat Pest Repellent for Rats, Cockroach, Mosquito, Home Pest",0,18,254,830140,https://cdn.shopify.com/s/files/1/1916/9825/products/bea7ee34-539e-4ab4-864b-f79c07a31e50.jpg?v=1606576829
"Beauty, Health & Personal Care",300,1263,1263 Dolphin Handheld Body Massager for Agony Stress Pain (8 Inch),0,18,254,901910,https://cdn.shopify.com/s/files/1/1916/9825/products/1263SKUCODE.jpg?v=1616711878
Cleaning Supplies,400,1270,1270 Foldable Multipurpose Microfiber Fan Cleaning Duster for Quick and Easy Cleaning,0,18,339,960330,https://cdn.shopify.com/s/files/1/1916/9825/products/e0e40483-2e68-49c6-bd40-2d97d4afc937.jpg?v=1606577136
Kitchen,300,1271,1271 Automatic Liquid Dispenser Dish Clean Brush Scrubber,0,18,254,960390,https://cdn.shopify.com/s/files/1/1916/9825/products/1271.jpg?v=1606577167
Garden,500,1284,1284 Organic Bio Fungicide for Seeds and Young Plants (1 Kg),10,12,401,38089990,https://cdn.shopify.com/s/files/1/1916/9825/products/128401.jpg?v=1631007012
Garden,300,1285,1285 Organic Bio Fungicide for Seeds and Young Plants (500gm),0,12,267,38089990,https://cdn.shopify.com/s/files/1/1916/9825/products/128501_5618a126-4787-41ae-ad5b-2344108eae72.jpg?v=1631007525
Mobile Accessories,300,1286,"1286 Phone Holder for Table, Foldable Universal Mobile Stand for Desk",0,18,254,392410,https://cdn.shopify.com/s/files/1/1916/9825/products/128601.jpg?v=1632397543
Home Improvement,500,1287,1287 Cool Day White Decorative Fan Blade Shaped Foldable LED Bulb,35,18,275,392410,https://cdn.shopify.com/s/files/1/1916/9825/products/1287.jpg?v=1632489645
"Beauty, Health & Personal Care",300,1288,1288 Women's Cotton Secret Cami,5,18,241,630492,https://cdn.shopify.com/s/files/1/1916/9825/products/1288_ddec843d-1284-40ae-895d-faf25bf5f962.jpg?v=1632486306
Mobile Accessories,700,1289,1289 All Universal Tablet & Mobile Holder with Anti-Slip & Anti-Scratch Design,20,18,474,342690,https://cdn.shopify.com/s/files/1/1916/9825/products/128910.jpg?v=1632738785
"Kitchen Storage, Container & Rack",300,1316,1316 Stainless Steel Fancy Water Bottle (500 ml),5,12,254,732399,https://cdn.shopify.com/s/files/1/1916/9825/products/31OfQ4h6PwL.jpg?v=1610075295
Cleaning supplies,300,1330,1330 Multi Surface Disinfectant Spray (350 ml),0,18,254,340119,https://cdn.shopify.com/s/files/1/1916/9825/products/1330-1photo_e766f849-0e6e-49bb-ae36-a281898129e4.jpg?v=1618532244
Travel,500,1384,1384 4 in 1 Travel Dispenser Bottle Set Travel Refillable Cosmetic Containers Set,25,18,317,392690,https://cdn.shopify.com/s/files/1/1916/9825/products/13841.jpg?v=1617332436
"Beauty, Health & Personal Care",300,1387,1387 Smooth Facial Roller & Massager Natural Massage Jade Stone,0,18,254,851629,https://cdn.shopify.com/s/files/1/1916/9825/products/1387SKUCODE.jpg?v=1617924708
Home Improvement,300,1389,1389 Self Adhesive 6 Wall Hook,15,12,227,392690,https://cdn.shopify.com/s/files/1/1916/9825/products/1389_fb6ab0b3-416b-466d-9abf-a102d80e420b.jpg?v=1622733036
Home Improvement,300,1398,1398 Silicon Toilet Brush with Slim Holder Stand& Flat Head with Flexible Soft Bristles,10,18,228,39249090,https://cdn.shopify.com/s/files/1/1916/9825/products/SKUCODE_f75dc5cc-bb56-426f-9ae3-4d4f0ede1728.jpg?v=1622733049
"Kitchen Storage, Container & Rack",600,1409,1409 Stainless Steel Water Bottle (1000 ml),35,12,348,73239990,https://cdn.shopify.com/s/files/1/1916/9825/products/01_98a0e91d-ef7a-418f-bf73-f6254fe307d7.jpg?v=1628184509
Toys For Kids,400,1436,1436 Waterproof Hands Free Rain Head Wearing Umbrella Cap,5,18,322,401590,https://cdn.shopify.com/s/files/1/1916/9825/products/SKUCODE_1aecc8a3-803c-45c8-991e-47fb3b4ee61e.jpg?v=1622733050
Mobile Accessories,1000,1447,1447 VR Pro Virtual Reality 3D Glasses Headset,30,18,593,8529,https://cdn.shopify.com/s/files/1/1916/9825/products/Untitled-8_07e8f36e-3f13-4617-8362-e567302e8d64.jpg?v=1628184536
Kitchen,300,1471,1471 Cockroach Traps Box Cockroach Bug Roach Catcher Cockroach Killer,0,18,254,392410,https://cdn.shopify.com/s/files/1/1916/9825/products/147101.jpg?v=1631015195
Home Improvement,1000,1481,1481 Wireless Security CCTV False Outdoor Fake Dummy Piece IR Camera,50,18,424,392620,https://cdn.shopify.com/s/files/1/1916/9825/products/148101.jpg?v=1632400085
Socks,300,1486,1486 Women Mesh bodystocking Lingerie Fishnet Dresses Fishnet Bodysuits,0,18,254,61091000,https://cdn.shopify.com/s/files/1/1916/9825/products/01_157143f9-b280-465a-aad1-7436d2f2e3e7.jpg?v=1626974859
Security,300,1514,1514 Wheel Padlock Disc Lock Security for Motorcycles Scooters Bikes,0,18,254,830140,https://cdn.shopify.com/s/files/1/1916/9825/products/515KB5ES5-L._SL1143.jpg?v=1606577541
Power & Hand tools,300,1525,1525 21 pcs T Shape Screwdriver Set Batch Head Ratchet Pawl Socket Spanner Hand Tools,5,18,241,820740,https://cdn.shopify.com/s/files/1/1916/9825/products/04_bf9f3e09-8907-469c-92af-7469ce6e326d.jpg?v=1606577709
Automotive,300,1529,1529 Disc Lock Security for Motorcycles Scooters Bikes,0,18,254,830110,https://cdn.shopify.com/s/files/1/1916/9825/products/1529DiscLockSecurityforMotorcyclesScootersBikes.jpg?v=1606577784
Stationery,400,1538,1538 Self Adhesive Transparent Packing Tape- 200 metres,15,18,288,391910,https://cdn.shopify.com/s/files/1/1916/9825/products/8f238212-21f6-48b8-8a6e-420d08ab7c4e.jpg?v=1607644607
Sports,300,1550,1550 4 Digits Hand Held Tally Counter Numbers Clicker,5,18,241,902910,https://cdn.shopify.com/s/files/1/1916/9825/products/1550_89df25a1-1afa-4731-a9d9-90833fe689c9.jpg?v=1626365297
"Beauty, Health & Personal Care",300,1552,1552 Multipurpose Reusable Gel for Hot n Cold Therapy,0,12,267,902110,https://cdn.shopify.com/s/files/1/1916/9825/products/fdffff.jpg?v=1609470044
Stationery,400,1573,1573 Magnifying Glass with 3 Led Light 3X Power and Rubberized Handle,5,18,322,701310,https://cdn.shopify.com/s/files/1/1916/9825/products/1573SKUCODE.jpg?v=1612489134
Hardware,300,1596,1596 Grommet Rivets Eyelet Setting Pliers Tool,0,18,254,850750,https://cdn.shopify.com/s/files/1/1916/9825/products/1596SKUCODE.jpg?v=1615511432
Cleaning Supplies,300,1601,1601 Non Wooven Fabric Disposable Handy Wipe Cleaning Cloth Roll (1Pc),10,18,228,480300,https://cdn.shopify.com/s/files/1/1916/9825/products/1601SKUCODE.jpg?v=1619126213
Kitchen Tools,800,1610,1610 Digital Multi-Purpose Kitchen Weighing Scale (SF400A),40,18,407,84231000,https://cdn.shopify.com/s/files/1/1916/9825/products/electronic-compact-digital-kitchen-weighing-scale-sf-400a-sf-original-imaerkyrnemajhwf_6b613e47-42c2-4d17-af46-c8e5fb41e018.jpg?v=1619126233
"Beauty, Health & Personal Care",300,1614,1614 Silicone Gel Shoe Pads Foot Insoles Cushion Pad (1Pair),0,18,254,90211000,https://cdn.shopify.com/s/files/1/1916/9825/products/SKUCODE_217e6cfc-1189-42db-bdbf-1a1fafd89b9b.jpg?v=1619723009
"Beauty, Health & Personal Care",400,1615,1615 Knee Strap for Men/Women To Reduce Pain Stiffness (1pc),15,18,288,90211000,https://cdn.shopify.com/s/files/1/1916/9825/products/SKUCODE_37811fae-47d0-4fea-b42d-ecbe0051d922.jpg?v=1619723027
Travel,500,1622,1622 Stylish Umbrella Folding Plastic Wine Bottle Deco Umbrella (Multicolor),20,18,339,660199,https://cdn.shopify.com/s/files/1/1916/9825/products/1622_d871b507-ddbf-4f3d-b058-80e6dc65a622.jpg?v=1621546558
Travel,500,1623,1623 Stylish Umbrella Folding Plastic Wine Bottle Deco Umbrella (Multicolor),20,18,339,660199,https://cdn.shopify.com/s/files/1/1916/9825/products/1623.jpg?v=1620939926
Garden,600,1635,1635 Jet Water Cannon 8 in 1 Turbo Water Spray Gun,25,18,381,8201,https://cdn.shopify.com/s/files/1/1916/9825/products/SKUCODE_cef225a4-a162-4f27-bbf2-e58db76da80a.jpg?v=1622733194
Travel,600,1639,1639 Stylish Banana Shaped Mini Foldable Umbrella,20,18,406,660199,https://cdn.shopify.com/s/files/1/1916/9825/products/SKUCODE_4357e4c5-3d07-4d3b-8c76-8d5b0cffcb94.jpg?v=1623344978
Travel,500,1644,1644 Rose umbrella Lightweight Waterproof UV Protection Mini Folding Creative Rose Flower Case,15,18,360,660199,https://cdn.shopify.com/s/files/1/1916/9825/products/SKUCODE_a757a52c-8186-4830-9fd8-aed13a3275fa.jpg?v=1623345091
Sports,400,1666,1666 Multi-Level Back Stretcher Posture Corrector Device For Back Pain Relief,5,18,322,392620,https://cdn.shopify.com/s/files/1/1916/9825/products/hasdhsdkjasghd.jpg?v=1624558699
Sports,500,1673,1673 Multi-Level Back Stretcher Posture Corrector Device for Back Pain,5,18,402,392620,https://cdn.shopify.com/s/files/1/1916/9825/products/SKUCODE_87611697-b10c-4165-b21c-ac48bf53690a.jpg?v=1625166234
Garden,500,1677,1677 3 Arm 360 Sector Rotating Water Sprinkler Garden Pipe Hose Irrigation Yard,15,18,360,392690,https://cdn.shopify.com/s/files/1/1916/9825/products/SKUCODE_c09756a5-6abc-4e80-ac51-180bb944452a.jpg?v=1625755397
Garden,1500,1682,1682 Pruning Shear Cutter for All Purpose Garden Use,30,12,937,732393,https://cdn.shopify.com/s/files/1/1916/9825/products/168201.jpg?v=1630602494
Automotive,2000,1683,1683 Motorcycle Two-Three-Wheel Flat tire Emergency Power Booster,55,12,803,732393,https://cdn.shopify.com/s/files/1/1916/9825/products/168301.jpg?v=1632573340
Home Improvement,2000,1684,1684 Instant Heating Electric Water Heater Faucet Tap,40,18,1017,392410,https://cdn.shopify.com/s/files/1/1916/9825/products/cf3cd2fe-7585-4c82-9d1b-3e0590e52fba.jpg?v=1626365333
Automotive,500,1693,1693 Water Spray Gun Trigger High Pressure Water Spray Gun for Car/Bike/Plants,15,18,360,392690,https://cdn.shopify.com/s/files/1/1916/9825/products/169301_2.jpg?v=1632485581
Toys For Kids,600,1697,1697 Magic Toy Metal High Elasticity Steel Silver Appearing Cane Magic Toy Magic Steel,40,12,321,732393,https://cdn.shopify.com/s/files/1/1916/9825/products/169701_1.jpg?v=1632401412
"Beauty, Health & Personal Care",300,1701,1701 Multipurpose Clear Face Shield Reusable Anti-fog Anti-Scratch Protective Fashion Wear for Men,0,18,254,900390,https://cdn.shopify.com/s/files/1/1916/9825/products/170101.jpg?v=1631188478
Automotive,600,1718,1718 Bicycle Horn with LED Light Work On Battery,35,18,330,940540,https://cdn.shopify.com/s/files/1/1916/9825/products/171808.jpg?v=1629438175
"Beauty, Health & Personal Care",600,1722,1722 Anti Mosquito Racket - Rechargeable Insect Killer Bat,15,18,432,380891,https://cdn.shopify.com/s/files/1/1916/9825/products/172203.jpg?v=1630602508
Garden,500,1729,1729 Woodworking Folding Multi-purpose Gardening Saw Outdoor Logging Saw,30,18,296,820290,https://cdn.shopify.com/s/files/1/1916/9825/products/1729.jpg?v=1630750798
Hardware,500,1734,1734 30 Meter Measuring Tape,20,18,339,901790,https://cdn.shopify.com/s/files/1/1916/9825/products/01_8ca23636-f607-49a4-ad72-d9d5751453b0.jpg?v=1631362615
Automotive,600,1735,1735 High Pressure Bicycle Air Pump Tyre Inflator for Cycles,25,12,401,841410,https://cdn.shopify.com/s/files/1/1916/9825/products/173501.jpg?v=1632137383
Home Improvement,2000,1739,1739  Floor Cleaning Spray Mop with Removable Washable Cleaning Pad,60,18,678,392620,https://cdn.shopify.com/s/files/1/1916/9825/products/1739014.jpg?v=1632230911
Garden,700,1746,1746 Garden Sharp Cutter Pruners Scissor with grip-handle,45,18,326,820890,https://cdn.shopify.com/s/files/1/1916/9825/products/174601.jpg?v=1632552048
Watch,350,1802,1802 Unique & Premium Analogue Watch 10 Messi Print Multicolour Dial Leather Strap (Watch 2),20,18,237,911310,https://cdn.shopify.com/s/files/1/1916/9825/products/10_w_2_406377ca-474c-4516-b339-10ebc10200a9.jpg?v=1606577824
Watch,300,1819,1819 Unique & Premium Analogue Stylish Watch with Metallic Wrist Band,0,18,254,911310,https://cdn.shopify.com/s/files/1/1916/9825/products/1819SKUCODE.jpg?v=1615511472
Toys For Kids,350,1918,"1918 Non-Toxic Creative 50 Dough Clay Mould 5 Different Colors, (Pack of 6 Pcs)",0,12,312,950300,https://cdn.shopify.com/s/files/1/1916/9825/products/1918SKUCODE.jpg?v=1616712155
Kitchen,200,2008,2008_Double Sided Vegetable Peeler,0,18,169,392410,https://cdn.shopify.com/s/files/1/1916/9825/products/1_029cfcc3-b510-407c-8d1d-f063707ca12c.jpg?v=1606577964
Kitchen,300,2035,2035 Plastic Flour Strainer/Shifter,0,18,254,392410,https://cdn.shopify.com/s/files/1/1916/9825/products/bf92ebfd-0c8e-456f-a2d6-dbf84fcaf1cc.jpg?v=1606815625
Kitchen,400,2152,2152 Premium Vegetable Dicer Multi Chopper Set 5 in 1 Cutting Blades,5,18,322,392410,https://cdn.shopify.com/s/files/1/1916/9825/products/WhatsAppImage2020-11-10at12.14.45PM.jpg?v=1606579724
Kitchen,300,2191,2191 Non Stick Microwave & Oven Proof Baking Paper (10Meter),5,18,241,392410,https://cdn.shopify.com/s/files/1/1916/9825/products/226573d3-f842-462a-a746-5c1372b6a7e9.jpg?v=1610075411
Kitchen Tools,300,2197,"2197 Manual Food Chopper, Compact & Powerful Hand Held Vegetable Chopper(900ml)",0,18,254,392410,https://cdn.shopify.com/s/files/1/1916/9825/products/11111_8462bdd0-2dad-4520-89d1-a872f912c7e5.jpg?v=1632834830
Kitchen,300,2207,2207 Non Stick Steel Baking Tray,5,18,241,392410,https://cdn.shopify.com/s/files/1/1916/9825/products/165146514F6FF.jpg?v=1611889208
Kitchen,300,2208,2208 Steel Non-Stick Round Plate Cake Pizza Tray Baking Mould,0,12,267,732393,https://cdn.shopify.com/s/files/1/1916/9825/products/2208.jpg?v=1611889222
Kitchen,300,2240,"2240 Stainless Steel Kitchen Tool Set (Butcher Knife, Standard Knife, Peeler and Kitchen Scissor) - 4 Pcs",0,12,267,732393,https://cdn.shopify.com/s/files/1/1916/9825/products/SKUCODE2240.jpg?v=1613085880
Kitchen,500,2241,2241 Multipurpose 12 in 1 Vegetable and Fruit Chopper Cutter Grater Slicer,5,18,403,392410,https://cdn.shopify.com/s/files/1/1916/9825/products/SKUCODE224101.jpg?v=1613085890
"Kitchen Storage, Container & Rack",800,2276,2276 Insulated Water Jug 7 Litres (Multicolour),0,18,678,392410,https://cdn.shopify.com/s/files/1/1916/9825/products/2276SKUCODE.jpg?v=1614288585
Kitchen,400,2278,2278 Lemon Squeezer Press with Deep Bowl (Multicolour),0,12,357,761510,https://cdn.shopify.com/s/files/1/1916/9825/products/2278SKUCODE.jpg?v=1614288596
Kitchen,300,2280,2280 Food Covers Mesh Net Kitchen Umbrella Practical Home Using Food Cover (Multicolour),10,18,228,950300,https://cdn.shopify.com/s/files/1/1916/9825/products/228001.jpg?v=1630602565
Kitchen,300,2281,2281 Stainless Steel Garlic Presser /Crusher (Multicolour),0,12,267,732393,https://cdn.shopify.com/s/files/1/1916/9825/products/2281.SKUCODE.jpg?v=1616117778
Kitchen,300,2282,2282 Portable Hand Crank Air Blower Fan for Charcoal Grill BBQ,0,18,254,392410,https://cdn.shopify.com/s/files/1/1916/9825/products/2282SKUCODE.jpg?v=1614900220
Kitchen,250,2294,2294 Stainless Steel Vegetable Cutter Chopper For Daily Use (Chilly Cutter),0,12,223,732393,https://cdn.shopify.com/s/files/1/1916/9825/products/2294.jpg?v=1616712191
Kitchen,1500,2296,2296 Designer Tableware Dinner Set (Pack of 32),35,18,826,392410,https://cdn.shopify.com/s/files/1/1916/9825/products/2296.jpg?v=1616712214
"Kitchen Storage, Container & Rack",450,2303,2303 Folding Shopping Portable Storage Basket,15,18,324,392410,https://cdn.shopify.com/s/files/1/1916/9825/products/d89e5b8f-bbe3-4e38-8f52-25be57e60e51.jpg?v=1620322265
Kitchen,400,2338,2338 Muffin Cupcake Mould Bakeware Pan Tray Mould Maker 24 Slot Round Shape,5,18,322,73239990,https://cdn.shopify.com/s/files/1/1916/9825/products/SKUCODE_1734f36c-0568-4c5c-ab1b-4d9e2a1403dd.jpg?v=1619126400
Kitchen Tools,300,2339,2339 Stainless Steel Deep Fry /Mesh Strainer,5,18,241,82159900,https://cdn.shopify.com/s/files/1/1916/9825/products/2339.jpg?v=1619126411
Kitchen,300,2340,2340 Multi Purpose Unbreakable Drinking Glass (Set of 6 Pieces) (300ml),0,18,254,392410,https://cdn.shopify.com/s/files/1/1916/9825/products/SKUCODE_6326d6c4-8987-43cb-905e-c86e0691d8e0.jpg?v=1619126425
Kitchen,700,2369,2369 Manual Fruit & Vegetable Juicer with Steel Handle Fruit Juicer,25,18,445,392410,https://cdn.shopify.com/s/files/1/1916/9825/products/01_02e6435a-466f-4478-a8d5-9747be310f49.jpg?v=1620940288
Kitchen,600,2374,2374 Electric Mini Garlic Chopper (250ml),10,18,457,392410,https://cdn.shopify.com/s/files/1/1916/9825/products/1_e43bcfe1-4ce2-4cf3-9ed8-a56d8b9013be.jpg?v=1628184685
Kitchen,600,2387,2387 Multipurpose Vegetable and Fruit Chopper Cutter Grater Slicer,15,18,432,3924,https://cdn.shopify.com/s/files/1/1916/9825/products/2_ced8378b-31c0-49d7-b187-060d174019a4.jpg?v=1622137601
Kitchen,400,2395,2395 Non-Slip Wooden Bamboo Cutting Board with Antibacterial Surface,0,18,339,392410,https://cdn.shopify.com/s/files/1/1916/9825/products/23951.jpg?v=1622733280
Kitchen,300,2433,2433 Veg Drill Vegetable Spiralizer Digging for Stuffed Vegetables,0,18,254,392410,https://cdn.shopify.com/s/files/1/1916/9825/products/243301.jpg?v=1632316189
"Kitchen Storage, Container & Rack",1000,2448,"2448 Air Tight Plastic Transparent Container Set (10000ml, 7000ml, 5000ml, 3000ml, 2000ml, 1000ml, 750ml, 500ml)",10,18,762,392410,https://cdn.shopify.com/s/files/1/1916/9825/products/SKUCODE_f197b319-c6d2-4b75-a597-a8dc9ffd7cb8.jpg?v=1625755487
Kitchen,300,2449,2449 Nonstick Eggs Boiler Cookers Without Egg Shell,0,18,254,392410,https://cdn.shopify.com/s/files/1/1916/9825/products/244901.jpg?v=1630602589
"Kitchen Storage, Container & Rack",700,2464,2464 Wall Mounted Grain Storage Box Cereal Dispenser,5,18,563,392410,https://cdn.shopify.com/s/files/1/1916/9825/products/SKUCODE_a9a559bf-e3bb-46bf-b771-010c5f80cc7d.jpg?v=1626365429
Kitchen Tools,1000,2485,2485 Portable USB Rechargeable Electric Chopper Fruit Vegetable Onion Chopper Garlic Chopper,45,18,466,392410,https://cdn.shopify.com/s/files/1/1916/9825/products/2485.jpg?v=1632487865
Kitchen Tools,2500,2488,2488 Carbon Steel Oven Bakeware Baking Set,45,12,1227,732393,https://cdn.shopify.com/s/files/1/1916/9825/products/248801.jpg?v=1632570790
Kitchen,500,2489,"2489 Plastic 13-in-1 Manual Vegetable Grater,Chipser and Slicer",0,18,423,392410,https://cdn.shopify.com/s/files/1/1916/9825/products/01_4bc01c1f-f106-4890-a688-a237e1c5dc06.jpg?v=1634124889
Kitchen,300,2523,2523 Ice Cream Serving Spoon Scooper (Stainless Steel),0,12,267,732393,https://cdn.shopify.com/s/files/1/1916/9825/products/252304.jpg?v=1629392208
"Kitchen Storage, Container & Rack",700,2532,2532 Spice Jar Easy Flow Storage  Each 6Pc Set Of 4,10,18,534,392410,https://cdn.shopify.com/s/files/1/1916/9825/products/233201.jpg?v=1630602627
Kitchen,1000,2533,"2533 Yogurt Maker Machine, Stainless Steel Inner Container Electric Yogurt Maker",40,18,508,392410,https://cdn.shopify.com/s/files/1/1916/9825/products/253301.jpg?v=1630602644
Kitchen,300,2558,2558 Portable Seal Pour Food Storage Bag Clip Snack Sealing Clip,0,18,254,392410,https://cdn.shopify.com/s/files/1/1916/9825/products/2558_7.jpg?v=1632395408
Home Decor,600,2559,2559 Pot Stand for Home Garden Balcony Living Room Decor,5,12,509,732393,https://cdn.shopify.com/s/files/1/1916/9825/products/255901_1.jpg?v=1632143395
Kitchen Tools,300,2562,2562 Jumbo Stainless Steel Potato and Chips Maker & Slicer for Kitchen,0,12,267,732393,https://cdn.shopify.com/s/files/1/1916/9825/products/2562.jpg?v=1633934636
Kitchen,600,2563,2563 Wall Mounted Oil Dispenser Bottle,20,18,406,392410,https://cdn.shopify.com/s/files/1/1916/9825/products/256307.jpg?v=1632136588
Kitchen,600,2570,2570 Rotating Cake Stand for Decoration and Baking,35,18,330,392410,https://cdn.shopify.com/s/files/1/1916/9825/products/2570.jpg?v=1633956008
Kitchen,300,2573,2573 Round Shape Carbon steel Muffin Cupcake Mould Case Bakeware,0,12,267,732393,https://cdn.shopify.com/s/files/1/1916/9825/products/257301_6c2b1e1f-3ff4-4fc5-9753-7fd982acfc82.jpg?v=1632546878
Kitchen Tools,600,2575,2575 Space Saver Spice Rack  9 Piece Spice Set,20,18,406,392410,https://cdn.shopify.com/s/files/1/1916/9825/products/2475.jpg?v=1632571668
Kitchen Tools,300,2576,"2576 Stainless Kitchen Tool Set (Butcher Knife, Standard Knife, Peeler and Kitchen Scissor) - 4 Pcs",0,18,254,392410,https://cdn.shopify.com/s/files/1/1916/9825/products/257601.jpg?v=1633005763
Kitchen Tools,400,2579,2579 Utility Knife Stainless Steel Blade with Strong Grip (pack of 12),15,12,303,732393,https://cdn.shopify.com/s/files/1/1916/9825/products/2579.jpg?v=1633754556
Kitchen Tools,700,2581,2581 Manual Aluminium Fruit Press Juicer,15,12,531,732393,https://cdn.shopify.com/s/files/1/1916/9825/products/2581.jpg?v=1633324012
Kitchen,200,2584,2584 Fridge Bags for Fruits and Vegetables with Zip Net (Multicolour),0,18,169,950300,https://cdn.shopify.com/s/files/1/1916/9825/products/2584.jpg?v=1633611549
Kitchen,200,3076,3076 Pinata Cake Wooden Hammer,0,18,169,442090,https://cdn.shopify.com/s/files/1/1916/9825/products/SKUCODE3076_7d0146a7-d7bc-46b5-8b48-406909e6d954.jpg?v=1626975045
Home Decor,300,3077,3077 Electric Camphor Diffuser Kapoor Dani,10,18,228,851679,https://cdn.shopify.com/s/files/1/1916/9825/products/3077SKUCODE.jpg?v=1613085946
Kitchen,300,3502,"3502 Silicone Chocolate Molds Reusable Multi Shape 14 Cavity Candy Baking Mold (Brown, 8-inch) Pack of 1",20,18,203,391000,https://cdn.shopify.com/s/files/1/1916/9825/products/ChocolateMolds.jpg?v=1606580193
Toys For Kids,300,4608,"4608 Heart Pop It Fidget Toys,Push Pop Bubble Fidget Sensory Toy",10,18,228,391000,https://cdn.shopify.com/s/files/1/1916/9825/products/4608.jpg?v=1632482291
Toys For Kids,300,4609,"4609 Octagon Pop It Fidget Toys,Push Pop Bubble Fidget Sensory Toy",10,18,228,391000,https://cdn.shopify.com/s/files/1/1916/9825/products/460902.jpg?v=1632481908
Toys For Kids,600,4648,4648 High Speed Multicolor Cube (pack of 6),10,18,457,392690,https://cdn.shopify.com/s/files/1/1916/9825/products/464801.jpg?v=1627574240
Gloves,300,4661,4661 Reusable Silicone Cleaning Brush Scrubber Gloves (Multicolor),0,18,254,391000,https://cdn.shopify.com/s/files/1/1916/9825/products/466101.jpg?v=1628792179
Home Improvement,2000,4670,4670 4Layer with Plastic Modular Drawer System,35,18,1101,392410,https://cdn.shopify.com/s/files/1/1916/9825/products/467001_a4ce2369-5a91-4571-af38-d753df8e8de5.jpg?v=1630007798
Kitchen,600,4690,4690 Silicone Anti Slip Food Grade Round Coasters Trivets Mat Pads,35,18,330,391000,https://cdn.shopify.com/s/files/1/1916/9825/products/469008_9f22371a-f997-4b4d-9a21-4a9063fa91a7.jpg?v=1632207656
Toys For Kids,400,4692,4692 High Speed Multicolor Cube (Pack of 12),10,18,305,392690,https://cdn.shopify.com/s/files/1/1916/9825/products/469201.jpg?v=1632224281
Toys For Kids,300,4695,"4695 Round Pop It Fidget Toys,Push Pop Bubble Fidget Sensory Toy",10,18,228,391000,https://cdn.shopify.com/s/files/1/1916/9825/products/4695_6.jpg?v=1632477617
Toys For Kids,300,4696,"4696 Square Pop It Fidget Toys,Push Pop Bubble Fidget Sensory Toy",10,18,228,391000,https://cdn.shopify.com/s/files/1/1916/9825/products/469603.jpg?v=1632476949
Home Improvement,600,4697,4697 3 Layer Shower Caddy For Bathroom Hanging,5,18,483,392410,https://cdn.shopify.com/s/files/1/1916/9825/products/469701_1.jpg?v=1632749197
Mobile Accessories,500,4702,4702 Apple Shape Mobile Holder Multi Angle Adjustable Fold (40 pc),5,18,402,392690,https://cdn.shopify.com/s/files/1/1916/9825/products/4702_9967f0ef-c2f3-454e-997d-769ac381b76f.jpg?v=1633611669
Home Improvement,500,6005,6005 Plastic Non-Slip Folding Toilet Squat Stool - White Color,0,18,423,392690,https://cdn.shopify.com/s/files/1/1916/9825/products/6005.jpg?v=1633761877
Home Decor,600,6014,6014 Lantern Shape Decorative Led Lamp Set of 24pcs,0,18,508,940520,https://cdn.shopify.com/s/files/1/1916/9825/products/6014.jpg?v=1634044383
Kitchen,500,7009,"7009 Multipurpose Manual Hand Held Vegetable Chopper, Cutter, Slicer with Storage Lid - 400 ml (Grey Color)",40,18,254,392410,https://cdn.shopify.com/s/files/1/1916/9825/products/7009SKUCODE.jpg?v=1617332713
Kitchen Tools,300,7030,7030  Stainless Steel Garlic Press Crusher,0,18,254,392410,https://cdn.shopify.com/s/files/1/1916/9825/products/7030_1.jpg?v=1632834837
Kitchen,600,7033,7033 Square Shape Carbon Steel Non-stick Baking Tray (17 inch),5,12,509,732393,https://cdn.shopify.com/s/files/1/1916/9825/products/7033.jpg?v=1633762442
Kitchen,500,7034,7034 Round Shape Carbon Steel Non-stick Baking Tray (11 Inch),10,12,401,732393,https://cdn.shopify.com/s/files/1/1916/9825/products/7034.jpg?v=1633764147
Kitchen,600,7035,7035 Square Shape Carbon Steel Non-stick Baking Tray (15 inch),15,12,455,732393,https://cdn.shopify.com/s/files/1/1916/9825/products/7035_1.jpg?v=1633762660
Mobile Accessories,2000,7218,7218 Wireless/Bluetooth Portable Mobile Speaker (Multicolour),30,18,1186,392690,https://cdn.shopify.com/s/files/1/1916/9825/products/1_ff8d6ef0-5065-4f52-aebf-c53916b7b2f2_1.jpg?v=1632137216
Mobile Accessories,1500,7220,7220 Designer Mobile Pop Holder (100 units),50,18,635,392690,https://cdn.shopify.com/s/files/1/1916/9825/products/07_c9a1ba4e-957b-4bf9-9608-8e573a80b322_2.jpg?v=1633091598
Home Decor,1000,7221,"7221 Festival Decorative - LED Tealight Candles (White, 24 Pcs)",45,18,466,940530,https://cdn.shopify.com/s/files/1/1916/9825/products/722104.jpg?v=1632749574
Mobile Accessories,300,7223,7223 Universal Dashboard Mobile Holder with 360* Rotating Mount,0,18,254,392690,https://cdn.shopify.com/s/files/1/1916/9825/products/7223_1.jpg?v=1634033336
"Beauty, Health & Personal Care",500,7413,"7413 Multi-Level Back Stretching Device,Back Massager Lumbar Support",15,18,360,392620,https://cdn.shopify.com/s/files/1/1916/9825/products/741301.jpg?v=1629392351
Toys For Kids,600,7605,7605 Cube Combo Set (Pack of 20) (Multi Coloured),15,18,432,392690,https://cdn.shopify.com/s/files/1/1916/9825/products/7605SKUCODE.jpg?v=1614288975
Toys For Kids,1000,7607,"7607 Bubble Stick with Windmill Fan Toy for Kids (Multicolors, Pack of 24)",5,18,805,950300,https://cdn.shopify.com/s/files/1/1916/9825/products/460701.jpg?v=1627574277
Chocolate,500,7806,7806 Chocolate almonds (96 GMs),35,18,275,180610,https://cdn.shopify.com/s/files/1/1916/9825/products/780601.jpg?v=1632290994
Home Improvement,2000,8006,8006 Multipurpose Foldable Laptop Table,55,18,763,392490,https://cdn.shopify.com/s/files/1/1916/9825/products/8006.jpg?v=1632299884
Home Improvement,2000,8007,8007 Avengers Foldable Laptop Table for Online Study and Childrens,55,18,763,392490,https://cdn.shopify.com/s/files/1/1916/9825/products/800708.jpg?v=1632313767
Home Improvement,1000,8008,8008L Foldable Black Table (Loose Pack),25,18,635,392490,https://cdn.shopify.com/s/files/1/1916/9825/products/8008L.jpg?v=1632829887
Home Improvement,2000,8008,"8008 Foldable Laptop Table,Computer Stand Reading Holder for Couch Floor, Black",60,18,678,392490,https://cdn.shopify.com/s/files/1/1916/9825/products/8008.jpg?v=1632390999
Toys For Kids,500,8015,8015 Plastic Baby Kids Teddy Stacking Ring Jumbo Stack Up Educational Toy 9pc,10,12,401,950300,https://cdn.shopify.com/s/files/1/1916/9825/products/1_9d9c0e37-f7a5-4d61-a759-238784c274b0.jpg?v=1631625692
