PRODUCT NAME,CATEGORY,Variant SKU,prod code,HSN CODE,GST%,MRP,DISCOUNT,SELLING RATE WITHOUT GST,Image Src
0048 Chocotown Premium Dark Compound 400gm | Chocotown Dark Choco Slab,Chocolate,0048_dark_compound,0048,180610,18%,350,0,296,https://cdn.shopify.com/s/files/1/1916/9825/products/dark_front_5bf4d97b-7135-4ac1-9a48-e3a34bc96a74.jpg?v=1606564395
0049 Chocotown Premium Milk Compound 400gm | Chocotown Milk Choco Slab |,Chocolate,0049_milk_compound,0049,180610,18%,350,0,296,https://cdn.shopify.com/s/files/1/1916/9825/products/milk_front_4d348e8d-908f-4c27-8e29-5205c7dae1b6.jpg?v=1606564404
0050 Chocotown Premium White Compound 400gm | Chocotown White Choco Slab |,Chocolate,0050_white_compound,0050,180610,18%,400,10,305,https://cdn.shopify.com/s/files/1/1916/9825/products/white_front_68901cc5-6c82-4552-9187-f9ba5c1b5d51.jpg?v=1606564414
0055_Choco Nutri Chocolate Spreads - Premium Dark Chocolate Spread - 350 gm,"Jams, Honey & Spreads",0055_dark_chocolate_spread,0055,180610,18%,350,0,296,https://cdn.shopify.com/s/files/1/1916/9825/products/1_b6d088da-20e8-4722-988e-e07b4f6e40bc.jpg?v=1606564488
0060 Power free blender,Kitchen,0060_power_free_blender,0060,392410,18%,250,0,211,https://cdn.shopify.com/s/files/1/1916/9825/products/SKUCODE_5508fa99-4f1a-4972-aa99-4e4f0e76a812.jpg?v=1622137117
0065A Manual Stainless Steel Compact Extra Sharp Vegetable Chopper with 5 Blades (750 ml),Kitchen Tools,0065A_5_Blades_Handy_Chopper,0065A,392410,18%,300,5,241,https://cdn.shopify.com/s/files/1/1916/9825/products/0065A.jpg?v=1633521871
0067 2 in 1 Kitchen Vegetable Smart Cutter and Chopper,Kitchen,0067_smart_cutter,0067,392440,18%,350,25,222,https://cdn.shopify.com/s/files/1/1916/9825/products/0067.jpg?v=1617924139
"0070 Plastic 4 Compartment Sprout Maker, White",Kitchen,0070_sprout_maker_4_container,0070,392410,18%,400,5,322,https://cdn.shopify.com/s/files/1/1916/9825/products/0070.jpg?v=1617924154
0072 Manual Food Chopper (Food Processor) (800 ml),Kitchen Tools,0072_veg_chopper_650,0072,392410,18%,600,50,254,https://cdn.shopify.com/s/files/1/1916/9825/products/0072SKUCODE.jpg?v=1619722864
"0082 Smokeless Electric Indoor Barbecue Grill, 2000w",Kitchen,0082_electric_bbq_set,0082,851660,18%,2000,40,1017,https://cdn.shopify.com/s/files/1/1916/9825/products/0082_d1ca3651-e0b0-4217-80fe-7fca469fd0e2.jpg?v=1630007279
0084 Stainless Steel Vegetable Cutter Chopper (Chilly Cutter),Kitchen,0084_chilly_cutter,0084,392690,12%,300,0,267,https://cdn.shopify.com/s/files/1/1916/9825/products/0084.jpg?v=1618531145
"0090 Kitchen Press Set 12 pcs, Silver (Kitchen_Press)",Kitchen,0090_kitchen_press_12pc,0090,392321,12%,650,30,406,https://cdn.shopify.com/s/files/1/1916/9825/products/0090.jpg?v=1633934323
"0093 Plastic 3 Compartment Sprout Maker, White",Kitchen,0093_sprout_maker_3_container,0093,392321,18%,350,5,281,https://cdn.shopify.com/s/files/1/1916/9825/products/0093.jpg?v=1617924203
"0096 Plastic Easy Flow Storage Jar with Lid (750ml, Set of 6)","Kitchen Storage, Container & Rack",0096_j_easy_flow_750_ml,0096,392410,18%,500,20,339,https://cdn.shopify.com/s/files/1/1916/9825/products/0096_f91fa0e7-59ea-4bca-9cda-0b96e3adddd1.jpg?v=1630007291
"0098 Foldable Chopping Board, Dish Rack, Washing Bowl & Draining Basket, 3in1 Multi-Function",Kitchen,0098_3_in_1_kitchen_kit,0098,392410,18%,750,45,349,https://cdn.shopify.com/s/files/1/1916/9825/products/0098.jpg?v=1617924209
"0113 Adjustable Fridge Storage Basket, Fridge Racks Tray Sliding Storage Racks (1Pc)","Kitchen Storage, Container & Rack",0113_adjustable_rack,0113,392410,18%,200,0,169,https://cdn.shopify.com/s/files/1/1916/9825/products/0113.jpg?v=1620939603
0116 Hand Press Water Pump Dispenser,Kitchen,0116_water_dis_pump,0116,392690,5%,300,0,285,https://cdn.shopify.com/s/files/1/1916/9825/products/0116.jpg?v=1617924256
0117 Stainless Steel Vegatable and Dry Fruit Slicer/Cutter,Kitchen,0117_dry_fruit_slicer,0117,392690,18%,250,5,201,https://cdn.shopify.com/s/files/1/1916/9825/products/0117.jpg?v=1617924257
"0122 Plastic Spice Jars (6 pcs, 14x22x8cm, Multicolour)","Kitchen Storage, Container & Rack",0122_g_jar_set_6pc,0122,392410,18%,300,5,241,https://cdn.shopify.com/s/files/1/1916/9825/products/0122_df0c034d-407a-4a43-b391-1d1c33d68827.jpg?v=1632723687
"0126 Folding Barbeque Charcoal Grill Oven (Black, Carbon Steel)",Kitchen,0126_barbecue_grill,0126,851660,18%,1000,25,635,https://cdn.shopify.com/s/files/1/1916/9825/products/0126SKUCODE.jpg?v=1615511132
"0128 Steel Lunch Box Set (5 pcs, Black)","Kitchen Storage, Container & Rack",0128_royal_tiffin,0128,732399,12%,700,0,625,https://cdn.shopify.com/s/files/1/1916/9825/products/0128.jpg?v=1617924282
0132 Stainless Steel Lemon Squeezer,Kitchen,0132_steel_lemon_squeez,0132,732393,18%,250,5,201,https://cdn.shopify.com/s/files/1/1916/9825/products/0132.jpg?v=1617924291
0134 Multi Crusher/Grinder/Cutter,Kitchen,0134_multi_crusher,0134,392410,18%,250,0,211,https://cdn.shopify.com/s/files/1/1916/9825/products/0134.jpg?v=1617924295
0136 Spatula and Pastry Brush for Cake Mixer,Kitchen,0136_spatula_pastry_brush,0136,392410,18%,200,0,169,https://cdn.shopify.com/s/files/1/1916/9825/products/0136.jpg?v=1617924299
0143 Potato cutter/French Fried Cutter,Kitchen,0143_n_potato_cutter,0143,392410,18%,300,10,228,https://cdn.shopify.com/s/files/1/1916/9825/products/0143.jpg?v=1617924314
0154 Plastic Adjustable Flame & Gas refillable Lighter (Multicolour),Kitchen,0154_refillable_gas_lighter,0154,961380,18%,250,0,211,https://cdn.shopify.com/s/files/1/1916/9825/products/0154.jpg?v=1617924337
0159 Plastic Wash Basin Brush Cleaner with Liquid Soap Dispenser (Multicolour),Cleaning Supplies,0159_liquid_cleaning_brush,0159,392690,18%,250,5,201,https://cdn.shopify.com/s/files/1/1916/9825/products/0159_ace5cf32-213b-48ce-bdfd-f440821b3ebf.jpg?v=1622732919
0194 Wire Wheel Cup Brush (Gold),Cleaning Supplies,0194_gold_brush,0194,830890,18%,250,0,211,https://cdn.shopify.com/s/files/1/1916/9825/products/0194.jpg?v=1618531206
0195 Wire Wheel Cup Brush (Black),Cleaning Supplies,0195_black_brush,0195,830890,18%,250,0,211,https://cdn.shopify.com/s/files/1/1916/9825/products/0195.jpg?v=1618531208
0215 HandHeld Sealer (Mini Sealing Machine),Kitchen,0215_sealing_machine,0215,392690,18%,250,0,211,https://cdn.shopify.com/s/files/1/1916/9825/products/0215.jpg?v=1618531243
"0217 LED Dream Night Light, Auto ON/Off Sensor Mushroom Lamp (Multicolor)",Home Decor,0217_premium_mushroom_flower,0217,940540,18%,300,10,228,https://cdn.shopify.com/s/files/1/1916/9825/products/0217.jpg?v=1618531246
0224 Faucet Anti-Splash Expandable Head Nozzle Bathroom Tap Adjustable Splash Sprinkler Head Sprinkler Water Saving Device Faucet Regulator (Multi Color),Home Improvement,0224_faucet_shower_head,0224,392410,18%,250,0,211,https://cdn.shopify.com/s/files/1/1916/9825/products/02224.jpg?v=1618531262
0235 5-Compartments Socks/Handkerchief/Underwear Storage Box Socks Drawer Closet Organizer Storage Boxes (pack of 2),Home Improvement,0235_2pcs_socks_tray,0235,392690,18%,250,0,211,https://cdn.shopify.com/s/files/1/1916/9825/products/0235.jpg?v=1618531308
0239 Night Light Mushroom Lamp (Colorful),Home Decor,0239_king_flower_light,0239,940540,18%,300,15,216,https://cdn.shopify.com/s/files/1/1916/9825/products/0239.jpg?v=1618531316
"0241 Festival Decorative - LED Tealight Candles (Multi, 24 Pcs)",Home Decor,0241_multi_tealight,0241,940540,18%,500,0,423,https://cdn.shopify.com/s/files/1/1916/9825/products/Untitled-8_d2afa844-fda4-4ecd-b6f9-0369eec889dc.jpg?v=1629391725
0246 PCI Big Size Mouse Trap,Repellents,0246_pci_big_mice_trp,0246,350699,18%,300,15,216,https://cdn.shopify.com/s/files/1/1916/9825/products/0246.jpg?v=1618531327
0248 Laundry Hamper Mesh Fabric For Ventilation Foldable Storage Pop Up Clothes Basket,Home Improvement,0248_laundry_storage,0248,420211,18%,300,15,216,https://cdn.shopify.com/s/files/1/1916/9825/products/0248.jpg?v=1618531331
0250 Pista Nut Fruit Platter Serving Bowl With Mobile Phone Holder by HomeFast,Kitchen,0250_lazy_snack_bowl,0250,392410,18%,300,0,254,https://cdn.shopify.com/s/files/1/1916/9825/products/0250.jpg?v=1618531334
0255 Portable LED Reading Light Adjustable Dimmable Touch Control Desk Lamp,Home Decor,0255_Desk_Light,0255,940540,18%,350,25,222,https://cdn.shopify.com/s/files/1/1916/9825/products/0255.jpg?v=1618531347
0262 Flexible Adjustable 360 Rotable Mount Cell Phone Holder,Mobile Holder & Stand,0262_lazy_neck_premium,0262,392690,18%,400,30,237,https://cdn.shopify.com/s/files/1/1916/9825/products/0262.jpg?v=1618531360
0271 Wireless/Bluetooth Selfie Stick,Mobile Selfie Stick,0271_selfy_stick_blk,0271,852990,18%,250,0,211,https://cdn.shopify.com/s/files/1/1916/9825/products/0271.jpg?v=1618531376
0276 Polyester Black Laptop Bag,Computer Accessories,0276_d_bag,0276,420212,18%,650,10,495,https://cdn.shopify.com/s/files/1/1916/9825/products/0276.jpg?v=1621546345
0277 Laptop Bag (15.6 inch),Computer Accessories,0277_l_bag,0277,420212,18%,650,10,495,https://cdn.shopify.com/s/files/1/1916/9825/products/0277_7f425b5f-b386-4da6-9919-497bed0eb668.jpg?v=1618531387
0278 Anti-Scratch Universal Fit Silicon Gear Shift Knob Protective Cover,Automotive,0278_car_gear_grip,0278,401590,18%,250,0,211,https://cdn.shopify.com/s/files/1/1916/9825/products/0278.jpg?v=1618531389
0284 Universal Bike & Bicycle Mobile Mount Holder,Mobile Holder & Stand,0284_bike_holder,0284,871491,18%,300,15,216,https://cdn.shopify.com/s/files/1/1916/9825/products/0284.jpg?v=1618531400
0303 Mobile Phone Holder Multi-Functional Cute Warm Snake Holder,Mobile Holder & Stand,0303_cute_worm_lazy_holder,0303,392620,18%,300,5,241,https://cdn.shopify.com/s/files/1/1916/9825/products/0303SKUCODE.jpg?v=1618531450
"0360 Makeup Cutlery Box Girl,make up Organizer, Cutlery set box",Home Improvement,0360_Cutlery_Box,0360,392620,18%,250,0,211,https://cdn.shopify.com/s/files/1/1916/9825/products/0360.jpg?v=1618531634
0368 Plastic Cooling Gel Eye Mask,"Beauty, Health & Personal Care",0368_cool_eye_mask_blue,0368,630710,18%,300,20,203,https://cdn.shopify.com/s/files/1/1916/9825/products/SKUCODEcopy_71df7a35-9a48-457c-97ec-9b079f67643d.jpg?v=1621546349
0378 Adjustable Safe Soft Baby Shower cap,Baby Care,0378_baby_shower_cap,0378,392210,18%,200,0,169,https://cdn.shopify.com/s/files/1/1916/9825/products/SKUCODEcopy_e07fcd3d-3e84-43cf-8d6f-6c62597b0efc.jpg?v=1618531702
0384 (Large) Rubber Hot Water Heating Pad Bag for Pain Relief (1400 ML),"Beauty, Health & Personal Care",0384_hot_water_bag_large,0384,401590,18%,400,25,254,https://cdn.shopify.com/s/files/1/1916/9825/products/SKUCODEcopy_b9301fc2-ffc8-428c-9918-354b91456187.jpg?v=1618531716
0394 (Medium) Rubber Hot Water Heating Pad Bag for Pain Relief (750 ML),"Beauty, Health & Personal Care",0394_hot_water_bag_med,0394,401590,18%,300,5,241,https://cdn.shopify.com/s/files/1/1916/9825/products/01_0450498b-ade1-4aa6-a3cb-a47b7006efc0.jpg?v=1633420242
0396 Ice Cream Design LED Humidifier for Freshening Air & Fragrance (Multicoloured),Home Improvement,0396_Ice_Cream_Humidifier,0396,392620,18%,700,25,445,https://cdn.shopify.com/s/files/1/1916/9825/products/3333.jpg?v=1618490038
0403 Cold Eye Mask with Stick-on Straps (Green),"Beauty, Health & Personal Care",0403_eye_mask_green_medium,0403,950590,18%,300,30,178,https://cdn.shopify.com/s/files/1/1916/9825/products/1_5d6e3d1b-6997-4bed-8e64-2bcca3bcfdee.jpg?v=1617924397
0405 Flex Tape,Hardware Fitting,0405_flex_tape,0405,391990,18%,300,5,241,https://cdn.shopify.com/s/files/1/1916/9825/products/SKUCODEcopy_a807bd26-9b61-4bfd-9699-901267e2e33b.jpg?v=1618531753
0444 Heavy Duty Combination Plier Wire Cutters,Power & Hand tools,0444_plier,0444,820510,18%,350,20,237,https://cdn.shopify.com/s/files/1/1916/9825/products/SKUCODEcopy_35b3ecb3-5857-4186-bc12-07bea6405ad4.jpg?v=1619125405
0450 LCD Screen Digital Caliper (6 inch),Hardware Fitting,0450_vernier_caliper_blister,0450,830710,18%,500,0,423,https://cdn.shopify.com/s/files/1/1916/9825/products/04510_e49454d7-4c92-4253-8a1e-4c0e827581c4.jpg?v=1628184384
0451 -24pcs T shape screwdriver set Batch Head Ratchet Pawl Socket Spanner hand tools,Power & Hand tools,0451_24pcs_t_shape_screwdriver,0451,820540,18%,450,35,248,https://cdn.shopify.com/s/files/1/1916/9825/products/SKUCODEcopy_0ff617b4-68d5-4d58-8118-e3b18f9bc5e6.jpg?v=1619125417
"0458 Metal Glass Cutter, Gold",Power & Hand tools,0458_glass_cutter_gold,0458,820790,18%,350,15,252,https://cdn.shopify.com/s/files/1/1916/9825/products/SKUCODEcopy_cad5e8ef-3c54-442d-a6ec-64dd8c706eda.jpg?v=1619125430
0465 Stainless Steel Garden Scissors,Garden,0465_flower_cut_any,0465,820890,,350,15,,https://cdn.shopify.com/s/files/1/1916/9825/products/SKUCODEcopy_6c8b14a8-b2ea-4788-9446-fe4da3d80f4e.jpg?v=1625755196
"0474 Hand Cultivator (Steel, Black)",Garden,0474_hand_cultivator,0474,820740,18%,200,0,169,https://cdn.shopify.com/s/files/1/1916/9825/products/SKUCODEcopy_95a69f89-0250-4359-bf74-c793a65215cb.jpg?v=1619125476
"0475 Hand Weeding Fork (Steel, Black)",Garden,0475_weeding_fork,0475,820740,18%,200,0,169,https://cdn.shopify.com/s/files/1/1916/9825/products/SKUCODEcopy_d9fae573-de0b-4ca1-9cae-65abc4d116b0.jpg?v=1619125478
"0476 Hand Digging Trowel (Steel, Black)",Garden,0476_digging_trowel,0476,820740,18%,200,0,169,https://cdn.shopify.com/s/files/1/1916/9825/products/SKUCODEcopy_7371bb36-289f-427b-a2c6-eb5172b5010c.jpg?v=1619125481
"0481_Aluminium Profile Handle, 8Inch (Silver)",Hardware Fitting,0481_8inch_profile_handle,0481,760410,18%,300,0,254,https://cdn.shopify.com/s/files/1/1916/9825/products/0481SKUCODE.jpg?v=1619125497
0484 Gardening Tools - Heavy Duty Hedge Shear Adjustable Garden Scissor with Comfort Grip Handle,Garden,0484_adj_mehndi_cutter,0484,820340,18%,800,35,440,https://cdn.shopify.com/s/files/1/1916/9825/products/SKUCODEcopy_465265a6-75d0-4593-9abc-70d3e7672291.jpg?v=1619125510
0504 Electric DC12V Tire Inflator Compressor Pump,Automotive,0504_mini_air_compressor_pump,0504,841420,18%,650,10,495,https://cdn.shopify.com/s/files/1/1916/9825/products/0504.jpg?v=1618531971
0511 Travel Neck Support Rest Pillow,Travel,0511_neck_pillow_1_layer,0511,401610,5%,250,0,238,https://cdn.shopify.com/s/files/1/1916/9825/products/051102_6f012d2e-0858-4d01-bac5-c36a2cbdb84a.jpg?v=1628791699
0513 Multicolor Luggage Strap (2 pcs),Travel,0513_2p_t_rope,0513,560710,5%,300,10,257,https://cdn.shopify.com/s/files/1/1916/9825/products/0513.jpg?v=1618531985
0527 Hand-Held Optical Grade Magnifying Glass with Compass (90mm),Office Supply,0527_Magnifying_Glass_90Mm,0527,701310,18%,300,10,228,https://cdn.shopify.com/s/files/1/1916/9825/products/0527.jpg?v=1618532018
0537 Car Dustbin/Mini Car Trash Bin/Car Ashtray,Travel,0537_car_dustbin,0537,392690,18%,300,20,203,https://cdn.shopify.com/s/files/1/1916/9825/products/05374.jpg?v=1630602392
"0541 Small sized Hand Cultivator, Small Trowel, Garden Fork (Set of 3)",Garden,0541_small_gardening_tool_3pc,0541,820790,18%,350,25,222,https://cdn.shopify.com/s/files/1/1916/9825/products/0541_0021c1df-9e7d-46a3-91fa-b9b9a1e48344.jpg?v=1618399826
0546 Portable LCD Digital Hanging Luggage Scale,Travel,0546_ele_scale_50kg,0546,690919,18%,700,30,415,https://cdn.shopify.com/s/files/1/1916/9825/products/0546.jpg?v=1618532063
"0549 Digital Portable Hook Type Weighing Scale (50 kg, Multicolor)",Kitchen,0549_portable_scale,0549,690919,18%,650,40,330,https://cdn.shopify.com/s/files/1/1916/9825/products/0549.jpg?v=1618532074
"0579 Set of 4 Stainless Steel Straws & Brush (2 Straight straws, 2 Bent straws, 1 Brush)",Kitchen,0579_steel_straw_5pc,0579,732393,12%,250,5,212,https://cdn.shopify.com/s/files/1/1916/9825/products/057901.jpg?v=1630007359
0584 Food Grade Silicone Straws (4pcs),Kitchen,0584_silicone_straws_4pc,0584,392690,18%,450,30,267,https://cdn.shopify.com/s/files/1/1916/9825/products/0584.jpg?v=1619125604
"0608 Multipurpose Dining Set Jar and tray holder, Chutneys/Pickles/Spices Jar - 2pc","Kitchen Storage, Container & Rack",0608_dining_jar_2pc,0608,392410,18%,250,,211,https://cdn.shopify.com/s/files/1/1916/9825/products/0608.jpg?v=1619125644
"0609 Multipurpose Dining Set Jar and tray holder, Chutneys/Pickles/Spices Jar - 3pc","Kitchen Storage, Container & Rack",0609_dining_jar_3pc,0609,392410,18%,350,25,222,https://cdn.shopify.com/s/files/1/1916/9825/products/0609.jpg?v=1619125646
0646 Mini Donut Maker Dispenser - Plastic Vada/Meduwada Maker,Kitchen,0646_plastic_menduvada_maker,0646,392410,18%,250,10,190,https://cdn.shopify.com/s/files/1/1916/9825/products/0646.jpg?v=1619125726
0659L Unbreakable Magic Cup/Folding/Pocket Glass for Travelling (Loose Pack),Travel,0659L_Traveling_Glass,0659,392410,18%,200,,169,https://cdn.shopify.com/s/files/1/1916/9825/products/0659.jpg?v=1633957374
0673 Multipurpose Natural Gum Rubber Reusable Cleaning Gloves,Gloves,0673_Heavy_Gloves_Black,0673,401590,18%,300,15,216,https://cdn.shopify.com/s/files/1/1916/9825/products/0673_793051ba-dece-40a6-80ed-13389b3e26d1.jpg?v=1619125777
0680 Multipurpose Rubber Reusable Cleaning Gloves,Gloves,0680_Yellow_Gloves_60Gm,0680,401590,18%,200,,169,https://cdn.shopify.com/s/files/1/1916/9825/products/01_04b36402-a778-46ae-9622-daf9b012c565.jpg?v=1633521984
0707 Multipurpose Microfiber Cleaning Duster With Extendable Telescopic Wall Hanging Handle,Cleaning Supplies,0707_stick_cleaner,0707,392690,18%,600,50,254,https://cdn.shopify.com/s/files/1/1916/9825/products/01_697237f8-3aca-4dd9-8cbd-a20e46384d2e.jpg?v=1619125787
0717 Hand Gloves Leather Split 1 Pair,Gloves,0717_leather_hand_gloves,0717,401590,18%,400,30,237,https://cdn.shopify.com/s/files/1/1916/9825/products/SKUCODE_d37dc2f9-15af-4638-be37-ce178a5f1320.jpg?v=1619125820
0718 Garden Genie Gloves,Garden,0718_garden_gloves,0718,401590,18%,300,15,216,https://cdn.shopify.com/s/files/1/1916/9825/products/SKUCODE_1fa504db-a668-4982-9c07-df59b0c83e13.jpg?v=1619125822
0755_ABS Unbreakable Plastic SOAP Dish SOAP Holder Wall Mounted for Bathroom | Sqaure Shaped | Clear Color,Home Improvement,0755_soap_case,0755,392690,18%,1500,85,191,https://cdn.shopify.com/s/files/1/1916/9825/products/1_4802ccb0-2c1a-4dc0-9212-543b3e5cc196.jpg?v=1606574184
0805 Cake Decorating Nozzle with Piping Bag Stainless Steel Piping Cream Frosting Nozzles,Baking Tools & Accessories,0805_Cake_Decorating_Icing_Bag,0805,392410,18%,300,20,203,https://cdn.shopify.com/s/files/1/1916/9825/products/SKUCODE_1be72ce3-0fa9-4423-8b53-f5602aa017fe.jpg?v=1619722887
0836 12 Piece Cake Decorating Set of Measuring Cup Oil Basting Brush,Kitchen,0836_12Pc_Cake_Decorating_Set,0836,392490,18%,250,,211,https://cdn.shopify.com/s/files/1/1916/9825/products/SKUCODE0836_106736bf-80d3-434c-b08f-0aac5671759a.jpg?v=1623344660
0866 Silver color Coin for Gift & Pooja (Not silver metal),Gift,0866_art_coin_1,0866,711890,3%,500,60,,https://cdn.shopify.com/s/files/1/1916/9825/products/41Z-ej1jfjL.jpg?v=1606575613
0868 Camping Inflatable Lounger Sofa,Home Decor,0868_cloud_lounger,0868,401590,18%,650,0,550,https://cdn.shopify.com/s/files/1/1916/9825/products/Cloud-Lounger_e6002cd9-76e3-4d5a-b5f8-941f1402a77a.jpg?v=1606575644
0873 Plastic Twist Tie Wire Spool With Cutter For Garden Yard Plant 50m (Green),Garden,0873_50m_twist_tie,0873,392690,18%,250,0,211,https://cdn.shopify.com/s/files/1/1916/9825/products/510MqAVoc5L._SL1002.jpg?v=1606575719
0905 Tamper Proof Courier Bags(12X14 PLAIN 180 POD M1) - 100 pcs,Other,0905_12x14_180_m1,0905,392391,18%,750,10,572,https://cdn.shopify.com/s/files/1/1916/9825/products/2_cc56270e-08dd-4910-bf43-52a445392957.jpg?v=1606575942
0912 Tamper Proof Polybag Pouches Cover for Shipping Packing (Size 9 x12),Other,0912_09X12_No_M1,0912,392391,18%,500,0,423,https://cdn.shopify.com/s/files/1/1916/9825/products/SKUCODE0912.jpg?v=1617332259
"0931  POD pouch Secure Tamper Proof Courier Bags,100 pcs (7 x 11 Inch)",Other,0931_07X11_Plain_Poly_Bag,0931,392321,18%,450,15,324,https://cdn.shopify.com/s/files/1/1916/9825/products/7x11inchpolybag.jpg?v=1606576082
"0954 Premium Champs High Absorbent Pant Style Diaper Large Size, 34 Pieces (954_Large_34)",Baby Care,0954_large_34,0954,961900,12%,750,0,669,https://cdn.shopify.com/s/files/1/1916/9825/products/81ERiXf31cL._SL1500_6c9d2cb0-7fe1-4478-8860-d49c14759fa6.jpg?v=1606576144
"0956 Premium Champs High Absorbent Pant Style Diaper Extra Large(XL) Size, 32 Pieces (956_XLar_32)",Baby Care,0956_xlar_32,0956,961900,12%,750,0,669,https://cdn.shopify.com/s/files/1/1916/9825/products/41lbmnpYE7L_3e4edfa1-a4b0-4337-8b13-75e1913f3ab6.jpg?v=1606576150
"1005 Effete Emperor Center Filled Choco (32 Units, 245 gm)",Chocolate,1005_Emperor_Can,1005,180690,18%,300,10,228,https://cdn.shopify.com/s/files/1/1916/9825/products/2fe2bcbb-9d37-4388-be6f-51d191e1889b.jpg?v=1606576175
1080 Reusable Silicone Airtight Leakproof Food Storage Bag - 1 ltr,"Kitchen Storage, Container & Rack",1080_1Ltr_Silicon_Bag,1080,391000,18%,300,0,254,https://cdn.shopify.com/s/files/1/1916/9825/products/1080_1a21953e-a2de-4f9c-af26-a584ebbbdcb3.jpg?v=1615511209
"1085 Motivation Stamps Pencil Top for Students, Kids (10Pack)",Toys For Kids,1085_10Pc_Seal_Stamp,1085,392690,18%,250,0,211,https://cdn.shopify.com/s/files/1/1916/9825/products/51tOzGbR7dL.jpg?v=1610075201
"1092 Art and Craft Color Kit (Crayons, Water Color, Sketch Pens) - 42 Pcs",Toys For Kids,1092_Color_Box_42Pc,1092,392690,18%,300,0,254,https://cdn.shopify.com/s/files/1/1916/9825/products/1_2ca628cc-d0ae-411f-886a-e684710a4b5b.jpg?v=1618532099
1122 Multifunction Folding Slippers/Shoes Hanger Organizer Rack,Home Improvement,1122_Folding_Slipper_Stand,1122,392490,18%,300,5,241,https://cdn.shopify.com/s/files/1/1916/9825/products/SKUCODE1122.jpg?v=1618532101
1125 Closet Organizer Drawer Dividers Plastic Partition Cabinet Clapboard - 8 Pcs,Home Improvement,1125_Multi_Dividers_8Pc,1125,392490,18%,300,0,254,https://cdn.shopify.com/s/files/1/1916/9825/products/SKUCODE1125.jpg?v=1613085682
1137 Cake Decorating Baking 3 Cavity Cactus Silicone Chocolate Mold (Pink),Kitchen,1137_3Shape_Sili_Mold,1137,391000,18%,300,0,254,https://cdn.shopify.com/s/files/1/1916/9825/products/1137SKUCODE.jpg?v=1613684552
1144  Silicone Ice Cube Trays 24 Cavity Per Ice Tray [Multicolour],Kitchen,1144_24Cavity_Ice_Tray,1144,391000,18%,300,0,254,https://cdn.shopify.com/s/files/1/1916/9825/products/9879846549841.jpg?v=1615511225
1164 Plastic Grid Drawer Divider Household Storage Strips (Pack of 8),Shelves & Racks,1164_drawer_divider_8pc,1164,820540,18%,300,0,254,https://cdn.shopify.com/s/files/1/1916/9825/products/SKUCODE1111.jpg?v=1617332403
1176 Reusable Airtight Seal Storage Freezer Leak-Proof Silicone Food Bag (Pack of 2) (350ml & 750ml),"Kitchen Storage, Container & Rack",1176_Silicone_Bag_2Pc,1176,392690,18%,300,0,254,https://cdn.shopify.com/s/files/1/1916/9825/products/1176.jpg?v=1619254108
1223 Electric Baby Nail Trimmer with Grinding Heads for Newborn Infant and Toddler,Baby Care,1223_Baby_Nail_Trimmer,1223,821420,18%,500,0,423,https://cdn.shopify.com/s/files/1/1916/9825/products/WhatsAppImage2020-09-10at5.27.35PM_1.jpg?v=1606576538
"1246 Mosquito Repeller Rat Pest Repellent for Rats, Cockroach, Mosquito, Home Pest",Repellents,1246_Pest_Repelling_Aid,1246,830140,18%,300,0,254,https://cdn.shopify.com/s/files/1/1916/9825/products/bea7ee34-539e-4ab4-864b-f79c07a31e50.jpg?v=1606576829
1263 Dolphin Handheld Body Massager for Agony Stress Pain (8 Inch),"Beauty, Health & Personal Care",1263_8Inch_Mini_Dolphin_Massag,1263,901910,18%,300,0,254,https://cdn.shopify.com/s/files/1/1916/9825/products/1263SKUCODE.jpg?v=1616711878
1270 Foldable Multipurpose Microfiber Fan Cleaning Duster for Quick and Easy Cleaning,Cleaning Supplies,1270_Adj_Fan_Cleaner,1270,960330,18%,400,0,339,https://cdn.shopify.com/s/files/1/1916/9825/products/e0e40483-2e68-49c6-bd40-2d97d4afc937.jpg?v=1606577136
1271 Automatic Liquid Dispenser Dish Clean Brush Scrubber,Kitchen,1271_2In1_Brush_Pot,1271,960390,18%,300,0,254,https://cdn.shopify.com/s/files/1/1916/9825/products/1271.jpg?v=1606577167
1284 Organic Bio Fungicide for Seeds and Young Plants (1 Kg),Garden,1284_PCI_Trichoderma_1KG,1284,38089990,12%,500,10,401,https://cdn.shopify.com/s/files/1/1916/9825/products/128401.jpg?v=1631007012
1285 Organic Bio Fungicide for Seeds and Young Plants (500gm),Garden,1285_PCI_Trichoderma_500GM,1285,38089990,12%,300,0,267,https://cdn.shopify.com/s/files/1/1916/9825/products/128501_5618a126-4787-41ae-ad5b-2344108eae72.jpg?v=1631007525
"1286 Phone Holder for Table, Foldable Universal Mobile Stand for Desk",Mobile Accessories,1286_Desk_Phone_Holder,1286,392410,18%,300,0,254,https://cdn.shopify.com/s/files/1/1916/9825/products/128601.jpg?v=1632397543
1287 Cool Day White Decorative Fan Blade Shaped Foldable LED Bulb,Home Improvement,1287_Fan_Blade_LED_Bulb,1287,392410,18%,500,35,275,https://cdn.shopify.com/s/files/1/1916/9825/products/1287.jpg?v=1632489645
1288 Women's Cotton Secret Cami,"Beauty, Health & Personal Care",1288_3Pc_Cami_Secret,1288,630492,18%,300,5,241,https://cdn.shopify.com/s/files/1/1916/9825/products/1288_ddec843d-1284-40ae-895d-faf25bf5f962.jpg?v=1632486306
1289 All Universal Tablet & Mobile Holder with Anti-Slip & Anti-Scratch Design,Mobile Accessories,1289_Tablet_Holder_RM_C16,1289,342690,18%,700,20,474,https://cdn.shopify.com/s/files/1/1916/9825/products/128910.jpg?v=1632738785
1316 Stainless Steel Fancy Water Bottle (500 ml),"Kitchen Storage, Container & Rack",1316_500Ml_Fancy_Bottle,1316,732399,12%,300,5,254,https://cdn.shopify.com/s/files/1/1916/9825/products/31OfQ4h6PwL.jpg?v=1610075295
1330 Multi Surface Disinfectant Spray (350 ml),Cleaning supplies,1330_Wonder_Guard_Sparay,1330,340119,18%,300,0,254,https://cdn.shopify.com/s/files/1/1916/9825/products/1330-1photo_e766f849-0e6e-49bb-ae36-a281898129e4.jpg?v=1618532244
1384 4 in 1 Travel Dispenser Bottle Set Travel Refillable Cosmetic Containers Set,Travel,1384_Smart_Travel_Bottle_Set,1384,392690,18%,500,25,317,https://cdn.shopify.com/s/files/1/1916/9825/products/13841.jpg?v=1617332436
1387 Smooth Facial Roller & Massager Natural Massage Jade Stone,"Beauty, Health & Personal Care",1387_Facial_Roller,1387,851629,18%,300,0,254,https://cdn.shopify.com/s/files/1/1916/9825/products/1387SKUCODE.jpg?v=1617924708
1389 Self Adhesive 6 Wall Hook,Home Improvement,1389_Loose_Magic_Sticker_Hook,1389,392690,12%,300,15,227,https://cdn.shopify.com/s/files/1/1916/9825/products/1389_fb6ab0b3-416b-466d-9abf-a102d80e420b.jpg?v=1622733036
1398 Silicon Toilet Brush with Slim Holder Stand& Flat Head with Flexible Soft Bristles,Home Improvement,1398_Slim_Toilet_Brush,1398,39249090,18%,300,10,228,https://cdn.shopify.com/s/files/1/1916/9825/products/SKUCODE_f75dc5cc-bb56-426f-9ae3-4d4f0ede1728.jpg?v=1622733049
1409 Stainless Steel Water Bottle (1000 ml),"Kitchen Storage, Container & Rack",1409_SS_Dallas_Bottle_1000ml,1409,73239990,12%,600,35,348,https://cdn.shopify.com/s/files/1/1916/9825/products/01_98a0e91d-ef7a-418f-bf73-f6254fe307d7.jpg?v=1628184509
1436 Waterproof Hands Free Rain Head Wearing Umbrella Cap,Toys For Kids,1436_Large_UFO_Umbrella_Cap,1436,401590,18%,400,5,322,https://cdn.shopify.com/s/files/1/1916/9825/products/SKUCODE_1aecc8a3-803c-45c8-991e-47fb3b4ee61e.jpg?v=1622733050
1447 VR Pro Virtual Reality 3D Glasses Headset,Mobile Accessories,1447_Premium_VR_Box,1447,8529,18%,1000,30,593,https://cdn.shopify.com/s/files/1/1916/9825/products/Untitled-8_07e8f36e-3f13-4617-8362-e567302e8d64.jpg?v=1628184536
1471 Cockroach Traps Box Cockroach Bug Roach Catcher Cockroach Killer,Kitchen,1471_Cockroach_Catcher,1471,392410,18%,300,0,254,https://cdn.shopify.com/s/files/1/1916/9825/products/147101.jpg?v=1631015195
1481 Wireless Security CCTV False Outdoor Fake Dummy Piece IR Camera,Home Improvement,1481_Dummy_IR_Camera,1481,392620,18%,1000,50,424,https://cdn.shopify.com/s/files/1/1916/9825/products/148101.jpg?v=1632400085
1486 Women Mesh bodystocking Lingerie Fishnet Dresses Fishnet Bodysuits,Socks,1486_Body_Stocking_Clothes,1486,61091000,18%,300,0,254,https://cdn.shopify.com/s/files/1/1916/9825/products/01_157143f9-b280-465a-aad1-7436d2f2e3e7.jpg?v=1626974859
1514 Wheel Padlock Disc Lock Security for Motorcycles Scooters Bikes,Security,1514_Moto_Lock,1514,830140,18%,300,0,254,https://cdn.shopify.com/s/files/1/1916/9825/products/515KB5ES5-L._SL1143.jpg?v=1606577541
1525 21 pcs T Shape Screwdriver Set Batch Head Ratchet Pawl Socket Spanner Hand Tools,Power & Hand tools,1525_21_pc_red_t_screwdriver,1525,820740,18%,300,5,241,https://cdn.shopify.com/s/files/1/1916/9825/products/04_bf9f3e09-8907-469c-92af-7469ce6e326d.jpg?v=1606577709
1529 Disc Lock Security for Motorcycles Scooters Bikes,Automotive,1529_Disc_Lock,1529,830110,18%,300,0,254,https://cdn.shopify.com/s/files/1/1916/9825/products/1529DiscLockSecurityforMotorcyclesScootersBikes.jpg?v=1606577784
1538 Self Adhesive Transparent Packing Tape- 200 metres,Office Supply,1538_Cello_Tape_200_Mtr,1538,391910,18%,400,15,288,https://cdn.shopify.com/s/files/1/1916/9825/products/8f238212-21f6-48b8-8a6e-420d08ab7c4e.jpg?v=1607644607
1550 4 Digits Hand Held Tally Counter Numbers Clicker,Sports,1550_Hand_Tally_Counter,1550,902910,18%,300,5,241,https://cdn.shopify.com/s/files/1/1916/9825/products/1550_89df25a1-1afa-4731-a9d9-90833fe689c9.jpg?v=1626365297
1552 Multipurpose Reusable Gel for Hot n Cold Therapy,"Beauty, Health & Personal Care",1552_Hot_N_Cold_Gel_Pad,1552,902110,12%,300,0,267,https://cdn.shopify.com/s/files/1/1916/9825/products/fdffff.jpg?v=1609470044
1573 Magnifying Glass with 3 Led Light 3X Power and Rubberized Handle,Stationery,1573_3X_Magnifier,1573,701310,18%,400,5,322,https://cdn.shopify.com/s/files/1/1916/9825/products/1573SKUCODE.jpg?v=1612489134
1596 Grommet Rivets Eyelet Setting Pliers Tool,Hardware,1596_Grommet_Setting_Tool,1596,850750,18%,300,0,254,https://cdn.shopify.com/s/files/1/1916/9825/products/1596SKUCODE.jpg?v=1615511432
1601 Non Wooven Fabric Disposable Handy Wipe Cleaning Cloth Roll (1Pc),Cleaning Supplies,1601_40Pulls_Tissue_Roll,1601,480300,18%,300,10,228,https://cdn.shopify.com/s/files/1/1916/9825/products/1601SKUCODE.jpg?v=1619126213
1610 Digital Multi-Purpose Kitchen Weighing Scale (SF400A),Kitchen Tools,1610_Square_SF400A_Scale,1610,84231000,18%,800,40,407,https://cdn.shopify.com/s/files/1/1916/9825/products/electronic-compact-digital-kitchen-weighing-scale-sf-400a-sf-original-imaerkyrnemajhwf_6b613e47-42c2-4d17-af46-c8e5fb41e018.jpg?v=1619126233
1614 Silicone Gel Shoe Pads Foot Insoles Cushion Pad (1Pair),"Beauty, Health & Personal Care",1614_Shoe_Cooling_Gel_Pad,1614,90211000,18%,300,0,254,https://cdn.shopify.com/s/files/1/1916/9825/products/SKUCODE_217e6cfc-1189-42db-bdbf-1a1fafd89b9b.jpg?v=1619723009
1615 Knee Strap for Men/Women To Reduce Pain Stiffness (1pc),"Beauty, Health & Personal Care",1615_Knee_Cooling_Pack_1Pc,1615,90211000,18%,400,15,288,https://cdn.shopify.com/s/files/1/1916/9825/products/SKUCODE_37811fae-47d0-4fea-b42d-ecbe0051d922.jpg?v=1619723027
1622 Stylish Umbrella Folding Plastic Wine Bottle Deco Umbrella (Multicolor),Travel,1622_Heart_Winebottle_Umbrella,1622,660199,18%,500,20,339,https://cdn.shopify.com/s/files/1/1916/9825/products/1622_d871b507-ddbf-4f3d-b058-80e6dc65a622.jpg?v=1621546558
1623 Stylish Umbrella Folding Plastic Wine Bottle Deco Umbrella (Multicolor),Travel,1623_Apple_Winebottle_Umbrella,1623,660199,18%,500,20,339,https://cdn.shopify.com/s/files/1/1916/9825/products/1623.jpg?v=1620939926
1635 Jet Water Cannon 8 in 1 Turbo Water Spray Gun,Garden,1635_Ez_Jet_Water_Cannon,1635,8201,18%,600,25,381,https://cdn.shopify.com/s/files/1/1916/9825/products/SKUCODE_cef225a4-a162-4f27-bbf2-e58db76da80a.jpg?v=1622733194
1639 Stylish Banana Shaped Mini Foldable Umbrella,Travel,1639_Banana_Umbrella,1639,660199,18%,600,20,406,https://cdn.shopify.com/s/files/1/1916/9825/products/SKUCODE_4357e4c5-3d07-4d3b-8c76-8d5b0cffcb94.jpg?v=1623344978
1644 Rose umbrella Lightweight Waterproof UV Protection Mini Folding Creative Rose Flower Case,Travel,1644_Rose_Umbrella,1644,660199,18%,500,15,360,https://cdn.shopify.com/s/files/1/1916/9825/products/SKUCODE_a757a52c-8186-4830-9fd8-aed13a3275fa.jpg?v=1623345091
1666 Multi-Level Back Stretcher Posture Corrector Device For Back Pain Relief,Sports,1666_Adj_Back_Stretcher_box,1666,392620,18%,400,5,322,https://cdn.shopify.com/s/files/1/1916/9825/products/hasdhsdkjasghd.jpg?v=1624558699
1673 Multi-Level Back Stretcher Posture Corrector Device for Back Pain,Sports,1673_Cn_Back_Stretcher,1673,392620,18%,500,5,402,https://cdn.shopify.com/s/files/1/1916/9825/products/SKUCODE_87611697-b10c-4165-b21c-ac48bf53690a.jpg?v=1625166234
1677 3 Arm 360Â° Sector Rotating Water Sprinkler Garden Pipe Hose Irrigation Yard,Garden,1677_3In1_Garden_Sprinklers,1677,392690,18%,500,15,360,https://cdn.shopify.com/s/files/1/1916/9825/products/SKUCODE_c09756a5-6abc-4e80-ac51-180bb944452a.jpg?v=1625755397
1682 Pruning Shear Cutter for All Purpose Garden Use,Garden,1682_200MM_G_Pruning_Shear,1682,732393,12%,1500,30,937,https://cdn.shopify.com/s/files/1/1916/9825/products/168201.jpg?v=1630602494
1683 Motorcycle Two-Three-Wheel Flat tire Emergency Power Booster,Automotive,1683_Emergency_Wheel_Puller,1683,732393,12%,2000,55,803,https://cdn.shopify.com/s/files/1/1916/9825/products/168301.jpg?v=1632573340
1684 Instant Heating Electric Water Heater Faucet Tap,Home Improvement,1684_Electric_Heating_Faucet,1684,392410,18%,2000,40,1017,https://cdn.shopify.com/s/files/1/1916/9825/products/cf3cd2fe-7585-4c82-9d1b-3e0590e52fba.jpg?v=1626365333
1693 Water Spray Gun Trigger High Pressure Water Spray Gun for Car/Bike/Plants,,1693_Brass_Nozzle_Spray_Gun,1693,392690,18%,500,15,360,https://cdn.shopify.com/s/files/1/1916/9825/products/169301_2.jpg?v=1632485581
1697 Magic Toy Metal High Elasticity Steel Silver Appearing Cane Magic Toy Magic Steel,Toys For Kids,1697_Magic_Appearing_Stick,1697,732393,12%,600,40,321,https://cdn.shopify.com/s/files/1/1916/9825/products/169701_1.jpg?v=1632401412
1701 Multipurpose Clear Face Shield Reusable Anti-fog Anti-Scratch Protective Fashion Wear for Men,"Beauty, Health & Personal Care",1701_Face_Shield_Protector,1701,900390,18%,300,0,254,https://cdn.shopify.com/s/files/1/1916/9825/products/170101.jpg?v=1631188478
1718 Bicycle Horn with LED Light Work On Battery,Automotive,1718_Bicycle_Horn_Light_FY56,1718,940540,18%,600,35,330,https://cdn.shopify.com/s/files/1/1916/9825/products/171808.jpg?v=1629438175
1722 Anti Mosquito Racket - Rechargeable Insect Killer Bat,"Beauty, Health & Personal Care",1722_Ele_Mosquito_Racket,1722,380891,18%,600,15,432,https://cdn.shopify.com/s/files/1/1916/9825/products/172203.jpg?v=1630602508
1729 Woodworking Folding Multi-purpose Gardening Saw Outdoor Logging Saw,Garden,1729_Folding_Hand_Saw_270MM,1729,820290,18%,500,30,296,https://cdn.shopify.com/s/files/1/1916/9825/products/1729.jpg?v=1630750798
1734 30 Meter Measuring Tape,Hardware,1734_30Mtr_M_Tape,1734,901790,18%,500,20,339,https://cdn.shopify.com/s/files/1/1916/9825/products/01_8ca23636-f607-49a4-ad72-d9d5751453b0.jpg?v=1631362615
1735 High Pressure Bicycle Air Pump Tyre Inflator for Cycles,Automotive,1735_Bicycle_Air_Pump,1735,841410,12%,600,25,401,https://cdn.shopify.com/s/files/1/1916/9825/products/173501.jpg?v=1632137383
1739  Floor Cleaning Spray Mop with Removable Washable Cleaning Pad,Home Improvement,1739_Cn_Aurora_Spray_Mop,1739,392620,18%,2000,60,678,https://cdn.shopify.com/s/files/1/1916/9825/products/1739014.jpg?v=1632230911
1746 Garden Sharp Cutter Pruners Scissor with grip-handle,Garden,1746_8inch_Pruning_Shears,1746,820890,18%,700,45,326,https://cdn.shopify.com/s/files/1/1916/9825/products/174601.jpg?v=1632552048
1802 Unique & Premium Analogue Watch 10 Messi Print Multicolour Dial Leather Strap (Watch 2),Watch,1802_Watch_wt2,1802,911310,18%,350,20,237,https://cdn.shopify.com/s/files/1/1916/9825/products/10_w_2_406377ca-474c-4516-b339-10ebc10200a9.jpg?v=1606577824
1819 Unique & Premium Analogue Stylish Watch with Metallic Wrist Band,Watch,1819_Watch_Wt19,1819,911310,18%,300,0,254,https://cdn.shopify.com/s/files/1/1916/9825/products/1819SKUCODE.jpg?v=1615511472
"1918 Non-Toxic Creative 50 Dough Clay Mould 5 Different Colors, (Pack of 6 Pcs)",Toys For Kids,1918_AT18_50G_Dough_Mold_6Pc,1918,950300,12%,350,0,312,https://cdn.shopify.com/s/files/1/1916/9825/products/1918SKUCODE.jpg?v=1616712155
2008_Double Sided Vegetable Peeler,Kitchen,2008_dual_sided_peeler,2008,392410,18%,200,0,169,https://cdn.shopify.com/s/files/1/1916/9825/products/1_029cfcc3-b510-407c-8d1d-f063707ca12c.jpg?v=1606577964
2035 Plastic Flour Strainer/Shifter,Kitchen,2035_Plastic_Flour_Strainer,2035,392410,18%,300,0,254,https://cdn.shopify.com/s/files/1/1916/9825/products/bf92ebfd-0c8e-456f-a2d6-dbf84fcaf1cc.jpg?v=1606815625
2152 Premium Vegetable Dicer Multi Chopper Set 5 in 1 Cutting Blades,Kitchen,2152_Premium_Nicer_Dicer_5in1,2152,392410,18%,400,5,322,https://cdn.shopify.com/s/files/1/1916/9825/products/WhatsAppImage2020-11-10at12.14.45PM.jpg?v=1606579724
2191 Non Stick Microwave & Oven Proof Baking Paper (10Meter),Kitchen,2191_10Mtr_Baking_Paper,2191,392410,18%,300,5,241,https://cdn.shopify.com/s/files/1/1916/9825/products/226573d3-f842-462a-a746-5c1372b6a7e9.jpg?v=1610075411
"2197 Manual Food Chopper, Compact & Powerful Hand Held Vegetable Chopper(900ml)",Kitchen Tools,2197_2in1_Jumbo_Chopper_900Ml,2197,392410,18%,300,0,254,https://cdn.shopify.com/s/files/1/1916/9825/products/11111_8462bdd0-2dad-4520-89d1-a872f912c7e5.jpg?v=1632834830
2207 Non Stick Steel Baking Tray,Kitchen,2207_Steel_Baking_Tray_Blk,2207,392410,18%,300,5,241,https://cdn.shopify.com/s/files/1/1916/9825/products/165146514F6FF.jpg?v=1611889208
2208 Steel Non-Stick Round Plate Cake Pizza Tray Baking Mould,Kitchen,2208_Steel_Pizza_Tray,2208,732393,12%,300,0,267,https://cdn.shopify.com/s/files/1/1916/9825/products/2208.jpg?v=1611889222
"2240 Stainless Steel Kitchen Tool Set (Butcher Knife, Standard Knife, Peeler and Kitchen Scissor) - 4 Pcs",Kitchen,2240_4Pc_Kitchen_Tool_Set,2240,732393,12%,300,0,267,https://cdn.shopify.com/s/files/1/1916/9825/products/SKUCODE2240.jpg?v=1613085880
2241 Multipurpose 12 in 1 Vegetable and Fruit Chopper Cutter Grater Slicer,Kitchen,2241_12In1_Multi_Cutter,2241,392410,18%,500,5,403,https://cdn.shopify.com/s/files/1/1916/9825/products/SKUCODE224101.jpg?v=1613085890
2276 Insulated Water Jug 7 Litres (Multicolour),"Kitchen Storage, Container & Rack",2276_Insulated_Jug_7Ltr,2276,392410,18%,800,0,678,https://cdn.shopify.com/s/files/1/1916/9825/products/2276SKUCODE.jpg?v=1614288585
2278 Lemon Squeezer Press with Deep Bowl (Multicolour),Kitchen,2278_Aluminium_Lemon_Squeez,2278,761510,12%,400,0,357,https://cdn.shopify.com/s/files/1/1916/9825/products/2278SKUCODE.jpg?v=1614288596
2280 Food Covers Mesh Net Kitchen Umbrella Practical Home Using Food Cover (Multicolour),Kitchen,2280_Umbrella_Food_Cover,2280,950300,18%,300,10,228,https://cdn.shopify.com/s/files/1/1916/9825/products/228001.jpg?v=1630602565
2281 Stainless Steel Garlic Presser /Crusher (Multicolour),Kitchen,2281_Round_Garlic_Press,2281,732393,12%,300,0,267,https://cdn.shopify.com/s/files/1/1916/9825/products/2281.SKUCODE.jpg?v=1616117778
2282 Portable Hand Crank Air Blower Fan for Charcoal Grill BBQ,Kitchen,2282_Bbq_Air_Blower,2282,392410,18%,300,0,254,https://cdn.shopify.com/s/files/1/1916/9825/products/2282SKUCODE.jpg?v=1614900220
2294 Stainless Steel Vegetable Cutter Chopper For Daily Use (Chilly Cutter),Kitchen,2294_SS_Chilly_Cutter,2294,732393,12%,250,0,223,https://cdn.shopify.com/s/files/1/1916/9825/products/2294.jpg?v=1616712191
2296 Designer Tableware Dinner Set (Pack of 32),Kitchen,2296_Premium_Tableware_32Pc,2296,392410,18%,1500,35,826,https://cdn.shopify.com/s/files/1/1916/9825/products/2296.jpg?v=1616712214
2303 Folding Shopping Portable Storage Basket,"Kitchen Storage, Container & Rack",2303_Multipurpose_Folding_Basket,2303,392410,18%,450,15,324,https://cdn.shopify.com/s/files/1/1916/9825/products/d89e5b8f-bbe3-4e38-8f52-25be57e60e51.jpg?v=1620322265
2338 Muffin Cupcake Mould Bakeware Pan Tray Mould Maker 24 Slot Round Shape,Kitchen,2338_24Cavity_Muffin_Tray,2338,73239990,18%,400,5,322,https://cdn.shopify.com/s/files/1/1916/9825/products/SKUCODE_1734f36c-0568-4c5c-ab1b-4d9e2a1403dd.jpg?v=1619126400
2339 Stainless Steel Deep Fry /Mesh Strainer,Kitchen Tools,2339_SS_Square_Skim_Fry,2339,82159900,18%,300,5,241,https://cdn.shopify.com/s/files/1/1916/9825/products/2339.jpg?v=1619126411
2340 Multi Purpose Unbreakable Drinking Glass (Set of 6 Pieces) (300ml),Kitchen,2340_Magic_Glass_6pc_300ml,2340,392410,18%,300,0,254,https://cdn.shopify.com/s/files/1/1916/9825/products/SKUCODE_6326d6c4-8987-43cb-905e-c86e0691d8e0.jpg?v=1619126425
2369 Manual Fruit & Vegetable Juicer with Steel Handle Fruit Juicer,Kitchen,2369_Excellent_Fruit_Juicer,2369,392410,18%,700,25,445,https://cdn.shopify.com/s/files/1/1916/9825/products/01_02e6435a-466f-4478-a8d5-9747be310f49.jpg?v=1620940288
2374 Electric Mini Garlic Chopper (250ml),Kitchen,2374_Usb_Garlic_Chopper,2374,392410,18%,600,10,457,https://cdn.shopify.com/s/files/1/1916/9825/products/1_e43bcfe1-4ce2-4cf3-9ed8-a56d8b9013be.jpg?v=1628184685
2387 Multipurpose Vegetable and Fruit Chopper Cutter Grater Slicer,Kitchen,2387_Nicer_Dicer_12_in_1,2387,3924,18%,600,15,432,https://cdn.shopify.com/s/files/1/1916/9825/products/2_ced8378b-31c0-49d7-b187-060d174019a4.jpg?v=1622137601
2395 Non-Slip Wooden Bamboo Cutting Board with Antibacterial Surface,Kitchen,2395_Bamboo_Cutting_Board,2395,392410,18%,400,0,339,https://cdn.shopify.com/s/files/1/1916/9825/products/23951.jpg?v=1622733280
2433 Veg Drill Vegetable Spiralizer Digging for Stuffed Vegetables,Kitchen,2433_Vegetable_Drill_Cutter,2433,392410,18%,300,0,254,https://cdn.shopify.com/s/files/1/1916/9825/products/243301.jpg?v=1632316189
"2448 Air Tight Plastic Transparent Container Set (10000ml, 7000ml, 5000ml, 3000ml, 2000ml, 1000ml, 750ml, 500ml)","Kitchen Storage, Container & Rack",2448_8Pc_Floral_Container,2448,392410,18%,1000,10,762,https://cdn.shopify.com/s/files/1/1916/9825/products/SKUCODE_f197b319-c6d2-4b75-a597-a8dc9ffd7cb8.jpg?v=1625755487
2449 Nonstick Eggs Boiler Cookers Without Egg Shell,Kitchen,2449_6Pc_Egg_Cup_Cooker,2449,392410,18%,300,0,254,https://cdn.shopify.com/s/files/1/1916/9825/products/244901.jpg?v=1630602589
2464 Wall Mounted Grain Storage Box Cereal Dispenser,"Kitchen Storage, Container & Rack",2464_3Pc_Wall_Cont_1100Ml,2464,392410,18%,700,5,563,https://cdn.shopify.com/s/files/1/1916/9825/products/SKUCODE_a9a559bf-e3bb-46bf-b771-010c5f80cc7d.jpg?v=1626365429
2485 Portable USB Rechargeable Electric Chopper Fruit Vegetable Onion Chopper Garlic Chopper,Kitchen Tools,2485_Usb_Chooper_250Ml,2485,392410,18%,1000,45,466,https://cdn.shopify.com/s/files/1/1916/9825/products/2485.jpg?v=1632487865
2488 Carbon Steel Oven Bakeware Baking Set,Kitchen Tools,2488_5Pc_Bakeware_Set,2488,732393,12%,2500,45,1227,https://cdn.shopify.com/s/files/1/1916/9825/products/248801.jpg?v=1632570790
"2489 Plastic 13-in-1 Manual Vegetable Grater,Chipser and Slicer",Kitchen,2489_13In1_Nicer_Dicer,2489,392410,18%,500,0,423,https://cdn.shopify.com/s/files/1/1916/9825/products/01_4bc01c1f-f106-4890-a688-a237e1c5dc06.jpg?v=1634124889
2523 Ice Cream Serving Spoon Scooper (Stainless Steel),Kitchen,2523_Cn_SS_Icecream_Scoop,2523,732393,12%,300,0,267,https://cdn.shopify.com/s/files/1/1916/9825/products/252304.jpg?v=1629392208
2532 Spice Jar Easy Flow Storage  Each 6Pc Set Of 4,"Kitchen Storage, Container & Rack",2532_Spice_Jar_24Pcs_Set,2532,392410,18%,700,10,534,https://cdn.shopify.com/s/files/1/1916/9825/products/233201.jpg?v=1630602627
"2533 Yogurt Maker Machine, Stainless Steel Inner Container Electric Yogurt Maker",Kitchen,2533_Electric_Yogurt_Maker,2533,392410,18%,1000,40,508,https://cdn.shopify.com/s/files/1/1916/9825/products/253301.jpg?v=1630602644
2558 Portable Seal Pour Food Storage Bag Clip Snack Sealing Clip,Kitchen,2558_4Pc_Seal_Pour_Food_Clip,2558,392410,18%,300,0,254,https://cdn.shopify.com/s/files/1/1916/9825/products/2558_7.jpg?v=1632395408
2559 Pot Stand for Home Garden Balcony Living Room Decor,Home Decor,2559_Premium_SS_Pot_Stand,2559,732393,12%,600,5,509,https://cdn.shopify.com/s/files/1/1916/9825/products/255901_1.jpg?v=1632143395
2562 Jumbo Stainless Steel Potato and Chips Maker & Slicer for Kitchen,Kitchen Tools,2562_2in1_SS_Jumbo_Slicer,2562,732393,12%,300,0,267,https://cdn.shopify.com/s/files/1/1916/9825/products/2562.jpg?v=1633934636
2563 Wall Mounted Oil Dispenser Bottle,Kitchen,2563_Wall_M_Oil_Dispenser,2563,392410,18%,600,20,406,https://cdn.shopify.com/s/files/1/1916/9825/products/256307.jpg?v=1632136588
2570 Rotating Cake Stand for Decoration and Baking,Kitchen,2570_Bx_White_Cake_Stand,2570,392410,18%,600,35,330,https://cdn.shopify.com/s/files/1/1916/9825/products/2570.jpg?v=1633956008
2573 Round Shape Carbon steel Muffin Cupcake Mould Case Bakeware,Kitchen,2573_6_Cavity_Brownie_Pan,2573,732393,12%,300,0,267,https://cdn.shopify.com/s/files/1/1916/9825/products/257301_6c2b1e1f-3ff4-4fc5-9753-7fd982acfc82.jpg?v=1632546878
2575 Space Saver Spice Rack  9 Piece Spice Set,Kitchen Tools,2575_9Pc_Round_Spice_Rack,2575,392410,18%,600,20,406,https://cdn.shopify.com/s/files/1/1916/9825/products/2475.jpg?v=1632571668
"2576 Stainless Kitchen Tool Set (Butcher Knife, Standard Knife, Peeler and Kitchen Scissor) - 4 Pcs",Kitchen Tools,2576_Knife_Set_4pc,2576,392410,18%,300,0,254,https://cdn.shopify.com/s/files/1/1916/9825/products/257601.jpg?v=1633005763
2579 Utility Knife Stainless Steel Blade with Strong Grip (pack of 12),Kitchen Tools,2579_12Pc_SS_Curly_Knife,2579,732393,12%,400,15,303,https://cdn.shopify.com/s/files/1/1916/9825/products/2579.jpg?v=1633754556
2581 Manual Aluminium Fruit Press Juicer,Kitchen Tools,2581_Black_Alu_Fruit_Press,2581,732393,12%,700,15,531,https://cdn.shopify.com/s/files/1/1916/9825/products/2581.jpg?v=1633324012
2584 Fridge Bags for Fruits and Vegetables with Zip Net (Multicolour),Kitchen,2584_3Pc_Fridge_Net_Bag,2584,950300,18%,200,0,169,https://cdn.shopify.com/s/files/1/1916/9825/products/2584.jpg?v=1633611549
3076 Pinata Cake Wooden Hammer,Kitchen,3076_Pinata_Cake_Hammer_9Inch,3076,442090,18%,200,0,169,https://cdn.shopify.com/s/files/1/1916/9825/products/SKUCODE3076_7d0146a7-d7bc-46b5-8b48-406909e6d954.jpg?v=1626975045
3077 Electric Camphor Diffuser Kapoor Dani,Home Decor,3077_Premium_Kapoor_Dani,3077,851679,18%,300,10,228,https://cdn.shopify.com/s/files/1/1916/9825/products/3077SKUCODE.jpg?v=1613085946
"3502 Silicone Chocolate Molds Reusable Multi Shape 14 Cavity Candy Baking Mold (Brown, 8-inch) Pack of 1",Kitchen,3502_Silicon_Mold_14_Cavity,3502,391000,18%,300,20,203,https://cdn.shopify.com/s/files/1/1916/9825/products/ChocolateMolds.jpg?v=1606580193
"4608 Heart Pop It Fidget Toys,Push Pop Bubble Fidget Sensory Toy",,4608_Heart_Fidget_Toy,4608,391000,18%,300,10,228,https://cdn.shopify.com/s/files/1/1916/9825/products/4608.jpg?v=1632482291
"4609 Octagon Pop It Fidget Toys,Push Pop Bubble Fidget Sensory Toy",Toys For Kids,4609_Octagon_Fidget_Toy,4609,391000,18%,300,10,228,https://cdn.shopify.com/s/files/1/1916/9825/products/460902.jpg?v=1632481908
4648 High Speed Multicolor Cube (pack of 6),Toys For Kids,4648_Magic_Cube_6Pc,4648,392690,18%,600,10,457,https://cdn.shopify.com/s/files/1/1916/9825/products/464801.jpg?v=1627574240
4661 Reusable Silicone Cleaning Brush Scrubber Gloves (Multicolor),Gloves,4661_Scrubber_Gloves_180G,4661,391000,18%,300,0,254,https://cdn.shopify.com/s/files/1/1916/9825/products/466101.jpg?v=1628792179
4670 4Layer with Plastic Modular Drawer System,Home Improvement,4670_4Layer_Basket_Drawer,4670,392410,18%,2000,35,1101,https://cdn.shopify.com/s/files/1/1916/9825/products/467001_a4ce2369-5a91-4571-af38-d753df8e8de5.jpg?v=1630007798
4690 Silicone Anti Slip Food Grade Round Coasters Trivets Mat Pads,Kitchen,4690_4Pc_Big_Sili_Hot_Mate,4690,391000,18%,600,35,330,https://cdn.shopify.com/s/files/1/1916/9825/products/469008_9f22371a-f997-4b4d-9a21-4a9063fa91a7.jpg?v=1632207656
4692 High Speed Multicolor Cube (Pack of 12),Toys For Kids,4692_12Pc_Small_Cube,4692,392690,18%,400,10,305,https://cdn.shopify.com/s/files/1/1916/9825/products/469201.jpg?v=1632224281
"4695 Round Pop It Fidget Toys,Push Pop Bubble Fidget Sensory Toy",Toys For Kids,4695_Round_Fidget_Toy,4695,391000,18%,300,10,228,https://cdn.shopify.com/s/files/1/1916/9825/products/4695_6.jpg?v=1632477617
"4696 Square Pop It Fidget Toys,Push Pop Bubble Fidget Sensory Toy",Toys For Kids,4696_Square_Fidget_Toy,4696,391000,18%,300,10,228,https://cdn.shopify.com/s/files/1/1916/9825/products/469603.jpg?v=1632476949
4697 3 Layer Shower Caddy For Bathroom Hanging,Home Improvement,4697_3Layer_Shower_Caddy,4697,392410,18%,600,5,483,https://cdn.shopify.com/s/files/1/1916/9825/products/469701_1.jpg?v=1632749197
4702 Apple Shape Mobile Holder Multi Angle Adjustable Fold (40 pc),Mobile Accessories,4702_Fancy_Apple_Mob_Stand,4702,392690,18%,500,5,402,https://cdn.shopify.com/s/files/1/1916/9825/products/4702_9967f0ef-c2f3-454e-997d-769ac381b76f.jpg?v=1633611669
6005 Plastic Non-Slip Folding Toilet Squat Stool - White Color,Home Improvement,6005_Toilet_Folding_Stool,6005,392690,18%,500,0,423,https://cdn.shopify.com/s/files/1/1916/9825/products/6005.jpg?v=1633761877
6014 Lantern Shape Decorative Led Lamp Set of 24pcs,Home Decor,6014_24Pc_Lantern_Lamp_Chain,6014,940520,18%,600,0,508,https://cdn.shopify.com/s/files/1/1916/9825/products/6014.jpg?v=1634044383
"7009 Multipurpose Manual Hand Held Vegetable Chopper, Cutter, Slicer with Storage Lid - 400 ml (Grey Color)",Kitchen,7009_450Ml_Grey_Chopper,7009,392410,18%,500,40,254,https://cdn.shopify.com/s/files/1/1916/9825/products/7009SKUCODE.jpg?v=1617332713
7030  Stainless Steel Garlic Press Crusher,Kitchen Tools,7030_Loose_SS_Garlic_Press,7030,392410,18%,300,0,254,https://cdn.shopify.com/s/files/1/1916/9825/products/7030_1.jpg?v=1632834837
7033 Square Shape Carbon Steel Non-stick Baking Tray (17 inch),Kitchen,7033_17inch_Squ_Baking_Tray,7033,732393,12%,600,5,509,https://cdn.shopify.com/s/files/1/1916/9825/products/7033.jpg?v=1633762442
7034 Round Shape Carbon Steel Non-stick Baking Tray (11 Inch),Kitchen,7034_11inch_Round_B_Tray,7034,732393,12%,500,10,401,https://cdn.shopify.com/s/files/1/1916/9825/products/7034.jpg?v=1633764147
7035 Square Shape Carbon Steel Non-stick Baking Tray (15 inch),Kitchen,7035_15inch_Squ_Baking_Tray,7035,732393,12%,600,15,455,https://cdn.shopify.com/s/files/1/1916/9825/products/7035_1.jpg?v=1633762660
7218 Wireless/Bluetooth Portable Mobile Speaker (Multicolour),Mobile Accessories,7218_B_Speaker_BS_1069,7218,392690,18%,2000,30,1186,https://cdn.shopify.com/s/files/1/1916/9825/products/1_ff8d6ef0-5065-4f52-aebf-c53916b7b2f2_1.jpg?v=1632137216
7220 Designer Mobile Pop Holder (100 units),,7220_100Pc_Mobile_Pop,7220,392690,18%,1500,50,635,https://cdn.shopify.com/s/files/1/1916/9825/products/07_c9a1ba4e-957b-4bf9-9608-8e573a80b322_2.jpg?v=1633091598
"7221 Festival Decorative - LED Tealight Candles (White, 24 Pcs)",Home Decor,7221_White_Color_Tealight,7221,940530,18%,1000,45,466,https://cdn.shopify.com/s/files/1/1916/9825/products/722104.jpg?v=1632749574
7223 Universal Dashboard Mobile Holder with 360* Rotating Mount,Mobile Holder & Stand,7223_Car_Tab_Holder_C11,7223,392690,18%,300,0,254,https://cdn.shopify.com/s/files/1/1916/9825/products/7223_1.jpg?v=1634033336
"7413 Multi-Level Back Stretching Device,Back Massager Lumbar Support","Beauty, Health & Personal Care",7413_Cn_back_stretcher_Box,7413,392620,18%,500,15,360,https://cdn.shopify.com/s/files/1/1916/9825/products/741301.jpg?v=1629392351
7605 Cube Combo Set (Pack of 20) (Multi Coloured),Toys For Kids,7605_20Pc_Antic_Cube,7605,392690,18%,600,15,432,https://cdn.shopify.com/s/files/1/1916/9825/products/7605SKUCODE.jpg?v=1614288975
"7607 Bubble Stick with Windmill Fan Toy for Kids (Multicolors, Pack of 24)",Toys For Kids,7607_AT10_Bubbles_Wand_24Pcs,7607,950300,18%,1000,5,805,https://cdn.shopify.com/s/files/1/1916/9825/products/460701.jpg?v=1627574277
7806 Chocolate almonds (96 GMs),,7806_ea_96_can,7806,180610,18%,500,35,275,https://cdn.shopify.com/s/files/1/1916/9825/products/780601.jpg?v=1632290994
8006 Multipurpose Foldable Laptop Table,Home Improvement,8006_Foldable_Barbie_Table,8006,392490,18%,2000,55,763,https://cdn.shopify.com/s/files/1/1916/9825/products/8006.jpg?v=1632299884
8007 Avengers Foldable Laptop Table for Online Study and Childrens,Home Improvement,8007_Foldable_Avengers_Table,8007,392490,18%,2000,55,763,https://cdn.shopify.com/s/files/1/1916/9825/products/800708.jpg?v=1632313767
8008L Foldable Black Table (Loose Pack),Home Improvement,8008L_Foldable_Black_Table,8008,392490,18%,1000,25,635,https://cdn.shopify.com/s/files/1/1916/9825/products/8008L.jpg?v=1632829887
"8008 Foldable Laptop Table,Computer Stand Reading Holder for Couch Floor, Black",Home Improvement,8008_Foldable_Black_Table,8008,392490,18%,2000,60,678,https://cdn.shopify.com/s/files/1/1916/9825/products/8008.jpg?v=1632390999
8015 Plastic Baby Kids Teddy Stacking Ring Jumbo Stack Up Educational Toy 9pc,Toys For Kids,8015_N3_9Pc_Teddy_Rings,8015,950300,12%,500,10,401,https://cdn.shopify.com/s/files/1/1916/9825/products/1_9d9c0e37-f7a5-4d61-a759-238784c274b0.jpg?v=1631625692
