,MRP,product code,product name,WEIGHT,Cost per item,ship,DISCOUNT,selling rate,GST,selling rate excl gst
Automotive,1848,0182,0182 Electric Portable Painting Machine Spray,3140,924,294,10,1663,18,1409
Automotive,400,0292,0292 Bike Riding & Cycling Anti Pollution Dust Sun Protecion Half Face Cover Mask,56,100,42,10,360,18,305
Automotive,744,0485,"0485 Portable Mini Foot Pump for Bicycle,Bike and car",327,189,42,30,521,18,441
Automotive,420,507,0507 Night HD Vision Driving Anti Glare Eyeglasses,162,79,42,20,336,18,285
Automotive,528,0512,0512 Heavy Duty Tire Inflator Gauge Air Compressor Accessories,192,135,42,20,422,18,358
Automotive,430,0515,0515 Strong Steel Air Pump,310,87,42,20,344,18,292
Automotive,786,0526,"0526 High Pressure Deluxe/Strong Foot Pump For Bicycle, Car, Bike",924,262,84,20,629,18,533
Automotive,408,0544,0544 Aluminum Mini Bicycle Air Pump (Multicolor),206,115,42,5,388,18,328
Automotive,408,0547,0547 Anti-Glare HD Car Sun Vision Visor Eyes Protector,260,102,42,10,367,18,311
Automotive,636,0551,0551 -12V Car Charging Electric Kettle Mug (Silver),378,185,42,25,477,18,404
Automotive,499,0574,"0574 Fast Air Inflation/Compressor for Automobile, Tyres, Sporting, Goods (250 PSI)",375,210,42,0,499,18,423
Automotive,"1,199",0709,"0709 Dual-Cylinder Foot Pump, Portable Floor Bike Pump, 150PSI Air Pump",1732,489,168,15,1019,18,864
Automotive,499,1528,1528 Cycles Power Beam Head Light and Tail Light,125,115,42,20,399,18,338
Automotive,499,1539,1539 Cycle Computer with Trip Distance and Timer Durable,200,179,42,10,449,18,381
Automotive,799,1562,1562 Rechargeable Bicycle LED Bright Light with Horn Speaker,85,248,42,25,599,18,508
Automotive,2999,1618,1618 Portable Electric Car Air Compressor Pump for Car and Bike Tyre,1618,1089,168,35,1949,18,1652
Automotive,1999,1641,1641 Car Tyre Inflator Rapid Mini Portable Air Compressor Pump,1641,797,168,30,1399,18,1186
Automotive,1999,1646,1646 Digital Car Tyre Inflator Portable Air Compressor Pump,1646,897,168,25,1499,18,1271
Automotive,999,1657,1657 Heavy Duty Bike Brake Lock - Locking System by Holding Handle Bar with Brake Lever,1657,289,168,20,799,18,677
Automotive,1599,1691,1691 Portable High Pressure Foot Air Pump Compressor for Car and Bike,1691,639,168,25,1199,18,1016
Automotive,599,1735,1735 High Pressure Bicycle Air Pump Tyre Inflator for Cycles,1735,179,168,0,599,18,508
Baby Care,748,0316,0316 Digital LCD 8.5'' inch Writing Drawing Tablet Pad Graphic eWriter Boards Notepad,138,148,42,40,449,18,380
Baby Care,484,0369,0369 Child Anti Lost Safety Belt,179,121,42,20,387,18,328
Baby Care,723,0950,"0950 Premium Champs High Absorbent Pant Style Diaper Small Size, 42 Pieces (950_Small_42)",926,271,84,15,615,18,521
Baby Care,780,0952,"0952 Premium Champs High Absorbent Pant Style Diaper Medium Size, 40 Pieces (952_Medium_40)",1874,290,168,5,741,18,628
"Beauty, Health & Personal Care",470,0256,0256 2 Hooks Waist Trimmer Belt Shaper Cincher Trimmer Body shape - (L),123,86,42,25,353,18,299
"Beauty, Health & Personal Care",786,0322,"0322 M3 My Life Fitness Band (Black, Standard Size)",47,215,42,30,550,18,466
"Beauty, Health & Personal Care",484,0340,0340 -5-in-1 Smoothing Body & Facial Massager (Pink),171,115,42,20,387,18,328
"Beauty, Health & Personal Care",440,0341,0341 Electric Hot Water Bag,461,88,42,20,352,18,298
"Beauty, Health & Personal Care",564,0348,0348 Men's Beard and Hair Curling Straightener (Modelling Comb),145,129,42,25,423,18,358
"Beauty, Health & Personal Care",810,0349,0349 Micro Touch Solo Men's Trimmer,174,270,42,25,608,18,515
"Beauty, Health & Personal Care",741,0350,0350 Multi-Function Beauty Equipment Skin Face Massage Bar (Beauty Vibrating Massage Tool),137,169,42,35,482,18,408
"Beauty, Health & Personal Care",843,0351,0351 -4 In 1 Blackhead Whitehead Extractor Remover Device Acne Pimple Pore Cleaner (Vacuum Suction Tool),363,150,42,40,506,18,429
"Beauty, Health & Personal Care",652,0352,0352 Thermal Head Spa Cap Treatment with Beauty Steamer Nourishing Heating Cap,529,148,84,25,489,18,414
"Beauty, Health & Personal Care",4999,0356,0356 Leg and Foot Massager For Pain Relief,2500,2975,210,15,4249,18,3601
"Beauty, Health & Personal Care",360,0365,0365 -7 Days Pill Tablet Medicine Organizer with Water Bottle 600ml,440,72,42,10,324,18,275
"Beauty, Health & Personal Care",299,0367,0367 USB Vibration Full Body Massager,154,72,42,0,299,18,253
"Beauty, Health & Personal Care",484,0370,0370 -3D Roller Face Massager,238,121,42,20,387,18,328
"Beauty, Health & Personal Care",484,0374,0374 Pill Pro 7 Day Weekly Tablet Medicine Organizer Box,240,115,42,20,387,18,328
"Beauty, Health & Personal Care",1000,0376,0376 Simply Ceramic Hair Straightener,612,259,84,35,650,18,551
"Beauty, Health & Personal Care",508,0377,0377  Adjustable Royal Posture Back Support Brace Unisex,372,108,42,25,381,18,323
"Beauty, Health & Personal Care",1144,0379,0379 Professional Massage Pillow,1159,572,126,10,1030,18,873
"Beauty, Health & Personal Care",360,0380,"0380 Reusable Cooling Gel Face Mask with Strap-on Velcro, Medium",289,85,42,10,324,18,275
"Beauty, Health & Personal Care",420,0381,0381 Velvet Electric Pain Relief Heating Bag,172,105,42,15,357,18,303
"Beauty, Health & Personal Care",325,0383,0383 Pill Case- 4 Row 28 Squares Weekly 7 Days Tablet Box Holder Medicine Storage Organizer Container,103,67,42,5,309,18,262
"Beauty, Health & Personal Care",684,0385,0385 2 in 1 Hair Straightener and Curler Machine For Women | Curl & Straight Hair Iron,252,190,42,25,513,18,435
"Beauty, Health & Personal Care",599,0386,0386 1500 Watts Professional Hair Dryer 2888 (Black),1372,215,126,0,599,18,508
"Beauty, Health & Personal Care",684,0388,0388 Real Doctor Posture Corrector (Shoulder Back Support Belt),563,135,84,30,479,18,406
"Beauty, Health & Personal Care",600,0389,0389 Folding Hair Dryer Hair with 2 speed control,281,119,42,30,420,18,356
"Beauty, Health & Personal Care",650,0390,0390 Abdominal & Muscle Exerciser Training Device Body Massager,435,185,42,35,423,18,358
"Beauty, Health & Personal Care",744,0398,0398 Body Slimmer Massager (White),574,259,42,25,558,18,473
"Beauty, Health & Personal Care",1618,0401,0401 Magic Massager Pain Relief & Fat Reduction Joint with 7 attachment,1000,809,84,20,1294,18,1097
"Beauty, Health & Personal Care",305,0402,0402 Plastic Reusable Anti Stress Cooling Gel Face Mask with Strap-on Velcro (Green),352,61,42,0,305,18,258
"Beauty, Health & Personal Care",852,0404,0404 Flawless Body Total Body Hair Remover,205.8,242,42,30,596,18,505
"Beauty, Health & Personal Care",496,0503,0503 Silicone Moisturizing Feet Socks Gel (1 pair),364,109,42,20,397,18,336
"Beauty, Health & Personal Care",432,0530,0530 Professional Ceramic Plate Hair Styler Straightener,222,108,42,15,367,18,311
"Beauty, Health & Personal Care",499,1183,1183 Portable Rechargeable Wearable Strong Airflow Quiet Operation Hanging Neck Fan,397,197,42,5,474,18,402
"Beauty, Health & Personal Care",599,1207,1207 Fast Hair Straightener Brush with Temperature Control Men & Women,485,279,42,5,569,18,482
"Beauty, Health & Personal Care",499,1221,1221 Dolphin Handheld Body Massager to Aid Pain and Stress,321,175,42,10,449,18,381
"Beauty, Health & Personal Care",1299,1261,1261 Facial Handheld Portable Steamer for Face,144,389,42,40,779,18,661
"Beauty, Health & Personal Care",299,1302,1302 Silicone Body Back Scrubber Double Side Bathing Brush for Skin Deep Cleaning,220,48,42,5,284,18,241
"Beauty, Health & Personal Care",999,1305,1305 Double Edge Shaving Razor Blade (Pack of 48),300,340,42,30,699,18,593
"Beauty, Health & Personal Care",699,1337,1337 Professional Stylish Hair Dryers For Women And Men (Hot And Cold Dryer),1045,229,126,10,629,18,533
"Beauty, Health & Personal Care",349,1351,1351 Heart Shape Women's Underwear Case Travel Portable Storage Bag Box,443,97,42,0,349,18,296
"Beauty, Health & Personal Care",499,1361,1361 Hair Straightener Hair Straightening Comb Brush,180,198,42,5,474,18,402
"Beauty, Health & Personal Care",499,1400,1400 Premium 3 in 1 Vaporiser steamer for cough and cold,400,145,42,15,424,18,359
"Beauty, Health & Personal Care",499,1414,"1414 Rechargeable, Cordless Beard and Hair Trimmer For Men",247,160,42,10,449,18,381
"Beauty, Health & Personal Care",599,1437,1437 NS-216 rechargeable cordless hair and beard trimmer for men's,230,179,42,20,479,18,406
"Beauty, Health & Personal Care",899,2124,2124 Jewellery Jewel Boxes Storage Box Organizer Gift Box for Women Necklace Earring Set Bangles Churi Gift for Women,1545,369,168,5,854,18,724
Chocolate,440,0041,0041 Chocolate almonds (96 GMs),200,127,42,15,374,18,317
Chocolate,436,0042,0042 Chocolate Roasted Cashew (96 Gms),200,127,42,10,392,18,333
Chocolate,470,0045,0045 Effete Almonds Chocolate  (96 Gms),200,127,42,15,400,18,339
Chocolate,495,0046,0046 Effete Hazelnuts Chocolate (96 Gms),190,146,42,15,421,18,357
Chocolate,310,0047,0047 Effete Peanut Chocolate (96 Gms),200,79,42,0,310,18,263
Chocolate,400,1006,1006 Effete Choco Coated Cranberry - 96 gms,314,89,42,15,340,18,288
Cleaning Supplies,792,0220,0220 Sweeper Floor Dust Cleaning Mop Broom with Dustpan 360 Rotary,1642,248,168,10,713,18,604
Cleaning Supplies,600,0707,0708 Lombard Soft Side Cabin Luggage Black 20 Inch Trolley Bag Briefcase,139,85,42,35,390,18,331
Cleaning Supplies,999,0802,0802 Cleaning 360 Degree Healthy Spray Mop with Removable Washable Cleaning Pad,1542,375,168,15,849,18,720
Cleaning Supplies,"1,299",1142,1142 Scratch Cleaning Mop with 2 in 1 Self Clean Wash Dry Hands Free Flat Mop,2526,398,252,20,1039,18,881
Cleaning Supplies,1999,1268,1268  Heavy Duty Microfiber Spin Mop with Plastic Bucket,630,695,84,40,1199,18,1016
Cleaning Supplies,1499,1530,1530 Heavy Duty Microfiber Spin Mop with Plastic Bucket & Rotating Steel Pole Head,,425,42,50,750,18,635
Cleaning Supplies,999,4664,4664 Cleaning 360 Degree Healthy Spray Mop with Removable Washable Cleaning Pad,922,390,84,20,799,18,677
Computer Accessories,636,0274,0274 Laptop Bag 15.6 inch,1758,198,168,0,636,18,539
Computer Accessories,435,0295,"0295 USB Computer Mini Vacuum Cleaner, Car Vacuum Cleaner",240,69,42,25,326,18,276
Computer Accessories,810,0304,0304 Wireless/Bluetooth Portable Mobile Speaker (Multicolour),430,270,42,25,608,18,515
Computer Accessories,652,0306,0306 Extra Bass Stereo Headphone with Mic (3.5 mm Jack),226,163,42,30,456,18,387
Computer Accessories,596,0321,0321 Wireless Wifi Adapter (USB wifi Antenna 5dB 150mbps),310,149,42,25,447,18,379
Computer Accessories,999,1090,1090 Multipurpose Foldable Laptop Table (Multicolour),1930,348,168,15,849,18,720
Computer Accessories,999,1208,1208 Smart Laptop Backpack with USB Plug Charging Port (Multicolour),1703,420,168,10,899,18,762
Computer Accessories,499,1320,1320 Adjustable Laptop Stand Holder with Built-in Foldable Legs and High Quality Fibre,115,97,42,25,374,18,317
Garden,599,1242,1242 Automatic Spray Sanitizer Air freshener Humidifier,1000,175,84,15,509,18,431
Garden,428,0455,"0455 Wooden Handle Hedge Shears, Bush Clipper",319,107,42,15,364,18,308
Garden,572,0464,"0464 Folding Saw(180 mm) for Trimming, Pruning, Camping. Shrubs and Wood",229,130,42,25,429,18,364
Garden,485,0466,0466 Garden Shears Pruners Scissor (8 inch),190,89,42,25,364,18,308
Garden,564,0467,0467 Water Spray Gun Squirt Gun (10 meter),538,141,84,15,479,18,406
Garden,564,0469,0469 Garden Big Scissor,766,148,84,15,479,18,406
Garden,652,0470,0470 -5 Liter Watering Can / Bucket For Gardening,750,163,84,20,522,18,442
Garden,792,0473,0473 Soil Tester 3-in-1 Plant Moisture Sensor (Green),142,264,42,25,594,18,503
Garden,360,0477,0477 Plastic Garden Hose Nozzle Water Spray Gun Connector Tap Adapter Set,319,83,42,5,342,18,290
Garden,599,0479,"0479 Garden Shears Sharp Cutter Pruners Scissor, Pruner",266,187,42,20,479,18,406
Garden,704,0502,0502 -50 Ft Expandable Hose Pipe Nozzle For Garden Wash Car Bike With Spray Gun,883,175,84,25,528,18,447
Garden,428,0582,0582 Garden Shears Pruners Scissor,218,119,42,10,385,18,326
Garden,435,0590,0590 Durable Hose Nozzle Water Lever Spray Gun,204,66,42,25,326,18,276
Garden,819,0605,0605 -3 Way Soil Meter (pH Testing Meter),98,273,42,25,614,18,521
Garden,520,0640,0640 Garden Pressure Sprayer Bottle 1.5 Litre Manual Sprayer,194,148,42,15,442,18,375
Garden,693,0641,0641 -600g Hatchet Axe Fiberglass Body Rubberized Handle,785,194,84,20,554,18,470
Garden,299,0718,0718 Garden Genie Gloves,125,55,42,0,299,18,253
Garden,499,1505,1505 Gardening Tool Wood Handle Cultivator Trowel Forks Tool Set (3 pack),386,120,42,20,399,18,338
Garden,799,1506,1506 Professional Garden Scissor with Sharp Blade Comfortable Handle,276,269,42,25,599,18,508
Garden,599,1635,1635 Jet Water Cannon 8 in 1 Turbo Water Spray Gun,1635,177,168,0,599,18,508
Garden,599,1711,1711 Garden Sharp Cutter Pruners Scissor with grip-handle,1711,189,168,0,599,18,508
Gift,400,0879,0879 24K Artificial Golden Rose/Gold Red Rose with Gift Box (10 inches),140,90,42,15,340,18,288
Hardware,1266,0406,0406 -12/15pcs Milling Cutter Router Bit Set,525,633,84,15,1076,18,912
Hardware,636,0407,"0407 -10 pc, 6 pt. 3/8 in. Drive Standard Socket Wrench Set",1082,225,126,5,604,18,512
Hardware,628,0408,0408 -6pcs Metal HSS Circular Saw Blade Set Cutting Discs for Rotary Tool,54,139,42,30,440,18,373
Hardware,408,0409,0409 -10pcs 3mm/6mm Dia Shank Mounted Stone (Rotary Tools),123,102,42,10,367,18,311
Hardware,380,0412,0412 -5 Pcs Shank Abrasive Mounted Stone (Multicolour),145,59,42,15,323,18,274
Hardware,652,0415,0415 -12 pcs 19-64mm Hole Saw Kit,506,163,84,20,522,18,442
Hardware,365,0416,0416+419 Drill Bit (13 pcs + 5 pcs),103,57,42,15,310,18,263
Hardware,380,0417,"0417 Welding Goggles (Dark Green, Large)",182,48,42,20,304,18,258
Hardware,365,0419,0419 Drill Bits (13 pcs),113,67,42,15,310,18,263
Hardware,440,0420,"0420 Ultra thin Cutting wheel/Disc, 110 mm Super Thin Diamond Saw Blade Cutting Wheel (Pack of 1)",96,110,42,15,374,18,317
Hardware,599,0421,0421 Socket Combination Toolkit (40 pcs),1042,243,126,0,599,18,508
Hardware,1499,422,"0422 Socket 1/4 Inch Combination Repair Tool Kit (Red, 46 pcs)",1234,575,126,15,1274,18,1080
Hardware,492,0423,0423 Socket and Screwdriver Tool Kit Accessories (41 pcs),483,123,42,20,394,18,334
Hardware,410,0424,0424 Silicone Carbide Combination Stone Knife Sharpener for Both Knives and Tools,333,69,42,20,328,18,278
Hardware,440,0425,"0425 Steel and Iron Cutting Wheel 4"" (107 x 1 x 16 mm)",80,110,42,15,374,18,317
Hardware,492,0428,"0428 Wood Hole Saw Cutting Set (11 pcs, 19-64mm, Multicolour)",435,143,42,15,418,18,354
Hardware,792,0432,0432 Hole Saw Drill Bit set (16 pcs),975,275,84,20,634,18,537
Hardware,365,0433,0433 Hole Saw Set Drill Bit set 32mm/38mm/44mm/54mm (6 pcs),191,75,42,10,329,18,278
Hardware,440,0435,"0435 Ultra thin Cutting Disc, 4 Inch Super Thin Diamond Saw Blade for Cutting Porcelain Tiles, Granite Marble Ceramics (4"")",50,65,42,25,330,18,280
Hardware,1584,0452,"0452 -46pcsMetal 1/4"" Socket Set (Black, 46pcs)",1223,575,126,30,1109,18,940
Hardware,1210,0454,0454 Electric Drill Machine Tool Kit (10mm),1366,605,126,10,1089,18,923
Hardware,499,0482,"0482_Aluminium Profile Handle, 12Inch (Silver)",85,124,42,20,399,18,338
Hardware,399,0615,0615 Chromium Steel Saw 3 Edge Sharpen Teeth with Plastic Cover and Blister Packing,292,115,42,5,379,18,321
Hardware,696,0715,0715 Level 5 Protection Cut Resistant Gloves (1 pair),120,174,42,30,487,18,413
Hardware,508,0716,0716 Protective Durable Heat Resistant Welding Gloves,261,108,42,25,381,18,323
Hardware,440,0877,0877 Heavy Duty Industrial Cutter Knife 18mm,25,8,42,40,264,18,224
Hardware Fitting,299,0429,"0429 8-inch Magnetic Torpedo Level with 1 Direction Pin, 2 Vials and 360 Degree View",42,59,42,0,299,18,253
Hardware Fitting,490,0453,"0453 Tapes, Adhesives & Sealers - Rubberized Waterproof Flex Tape (Size - 7.2"") (Black)",118,98,42,25,368,18,311
Hardware Fitting,300,0457,0457 5M Pocket Measuring Tape,123,60,42,0,300,18,254
Hardware Fitting,499,1559,1559 Double Side Scale Triangle Measurement Hand Tool,237,179,42,10,449,18,381
Hardware Fitting,499,1565,1565 Professional Measuring Tape/Ruler - 30 Meter,1565,159,168,0,499,18,423
Home Decor,902,0177,0177 03D Moon Lamp India/Moon Shaped Lamp/Led Moon Lamp/Lunar Moonlight Lamp - Multi Color,583,451,84,5,857,18,726
Home Decor,485,0180,0180 Stainless Steel Electric Dhoop Dani,350,97,42,20,388,18,329
Home Decor,440,0193,0193 QuickBurn Steel Kapoor Dani Stand,110,53,42,25,330,18,280
Home Decor,360,0206,0206 Night Lamps White Flower Pot Color Changing Light & Mushrooms Light Sensor LED Decorative Night Lamp Night Lamp,120,52,42,15,306,18,259
Home Decor,596,0209,0209 Artificial Plant with Plastic Pot,801,149,84,20,477,18,404
Home Decor,528,0210,,634,132,84,15,449,18,380
Home Decor,552,0213,0213 Solar Security LED Night Light for Home Outdoor/Garden Wall (Black) (20-LED Lights),160,119,42,25,414,18,351
Home Decor,484,0259,"0259 Musical Sound Cordless Square Doorbell, 32 Melody",200,121,42,20,387,18,328
Home Decor,699,0362,0362 Air Humidifier USB 5V Bowling Bottle Led Lamp Light Air Diffuser Mist Maker Aromatherapy 150ML Ultrasonic Diffuse for SPA Home,201,330,42,10,629,18,533
Home Decor,699,0366,0366 Wood Grain Humidifier Ultrasonic Air Humidifier,220,330,42,10,629,18,533
Home Decor,699,0371,0371 Cute Beatles LED Light Humidifier Air Diffuser Purifier Atomizer Essential oil diffuser difusor de aroma mist maker fogger Gift,173,330,42,10,629,18,533
Home Decor,499,0492,0492 Multi Purpose Brick Thin Slim Bright Lens Led Light,205,110,42,20,399,18,338
Home Decor,470,0619,0619 Led Glass Cup (Rainbow Color),140,78,42,25,353,18,299
Home Decor,599,0860,0860 Plastic 2 in 1 Mirror Come Photo Frame with Led Light,764,201,84,10,539,18,457
Home Decor,520,0874,0874 Rechargeable Camping Lantern LED Solar Emergency Light Bulb,278,159,42,15,442,18,375
Home Decor,"4,999",0899,0899 Multi-Functional Inflatable Sofa Air Bed Couch,1000,1935,84,45,2749,18,2330
Home Decor,449,1136,1136 Balloon Pack for Birthday Party Decoration & Occasions (100 pcs),465,169,42,5,427,18,361
Home Decor,499,1139,1139 3 Pcs Multicolor Wooden Floral Design For Wall Art,860,159,84,5,474,18,402
Home Decor,999,1205,1205 3D Moonligt Lamp with Touch Control Adjust,816,320,84,25,749,18,635
Home Decor,499,1222,"1222  Festival Decorative - LED Tealight Candles (White, 24 Pcs)",335,240,42,0,499,18,423
Home Decor,499,1224,1224 Nano Portable Handheld USB Reusable Humidifier Sprayer,63,85,42,25,374,18,317
Home Decor,399,1226,1226 Diamond Bling Light and Room Decor and Home Decoration (17 Meters),74,110,42,10,359,18,304
Home Decor,499,1228,1228 Outdoor String Light with LED Bulbs for Outdoor Lights (25 Meters),290,139,42,15,424,18,359
Home Decor,499,1234,1234 Colour Changing Good Night Star Master Rotating Projection Night Lamp,391,239,42,0,499,18,423
Home Decor,599,1242,1242 Automatic Spray Sanitizer Air freshener Humidifier,42,197,42,15,509,18,431
Home Decor,499,1248,1248 Mini Polar Bear Shaped Cool Mist Portable Humidifier,279,177,42,10,449,18,381
Home Decor,499,1255,"1255 Solar Lights for Garden LED Security Lamp for Home, Outdoors Pathways",330,179,42,10,449,18,381
Home Decor,899,1277,1277 Anti Crack Silicon Gel Heel Moisturizing Socks for Foot Care Men Women (Loose Pack),232,239,42,35,584,18,495
Home Decor,999,1321,1321 Portable Moonlight Shaped Air Humidifier/Freshner,520,393,84,20,799,18,677
Home Decor,999,1363,1363 Wireless Bluetooth Sensor 12W Music Multicolor LED Bulb with Remote Controller,276,238,42,40,599,18,508
Home Decor,999,2125,2125 Peacock Design Glass with Handle and Handicraft Serving Tray Set,1188,432,126,10,899,18,762
Home Decor,599,2559,2559 Pot Stand for Home Garden Balcony Living Room Decor,2028,165,210,0,599,18,508
Home Decor,499,3105,3105 Acrylic Wall Mount Shelf Rack Kitchen and Bathroom Accessories (8 X 5 Inch),400,175,42,10,449,18,381
Home Improvement,350,0174,0174 Toothpaste Dispenser & Tooth Brush Holder,269,65,42,10,315,18,267
Home Improvement,325,0188,0188 1000W-220V Water Heater Portable Electric Immersion Element Boiler,171,65,42,5,309,18,262
Home Improvement,792,0192,0192 Cloth Organizer Pouch Laundry Zipper Bags (6 pcs),523,198,84,30,554,18,470
Home Improvement,345,0198,0198 Wall Mounted Mop & Broom Hanger Holder (1-Layer),,59,42,10,311,18,263
Home Improvement,788,0199,0199 5-Layer Multipurpose Wall Mounted Organizer Mop And Broom Holder,529,189,84,30,552,18,467
Home Improvement,380,0200,0200 Toothpaste Dispenser & Tooth Brush with Toothbrush,260,59,42,15,323,18,274
Home Improvement,552,0201,0201  Dual Bladeless Mini Air Conditioner,418,139,42,25,414,18,351
Home Improvement,694,0219,"0219 Cushion Seat Flex Pillow, Gel Orthopedic Seat Cushion Pad (Egg Sitter)",1394,275,126,5,659,18,559
Home Improvement,599,0223,0223 -2 in 1 Plastic Cleaning Brush Toilet Brush with Holder,1125,186,126,5,569,18,482
Home Improvement,760,0229,"0229 -8-Claw Octopus Hanging Dryer 16 Clothes pegs, Simple to fold up and Put Away",894,130,84,35,494,18,419
Home Improvement,435,0230,0230 Stainless Steel Cloth Hanger (12 pcs),427,85,42,20,348,18,295
Home Improvement,435,0236,0236 5-Compartments Socks/Handkerchief/Underwear Storage Box Socks Drawer Closet Organizer Storage Boxes (pack of 4),972,80,84,10,392,18,332
Home Improvement,684,0240,0240 3 Layer Mop and Broom Holder,340.2,171,42,30,479,18,406
Home Improvement,772,0243,"0243 4-Layer Mop and Broom Holder, Garden Tool Organizer, Multipurpose Wall Mounted",405,193,42,35,502,18,425
Home Improvement,990,0251,0251 Electric Mini Handy Heater Plug-In Wall (400w),538,375,84,20,792,18,671
Home Improvement,599,0317,"0317 Flute Shape Stainless Steel Key Holder Stand ( Chrome Antique Finish, 9"" X 2"", Silver)",101,105,42,35,389,18,330
Home Improvement,999,0520,0520 Stackable 5 Layer Folding Shoe Rack,1588,377,168,10,899,18,762
Home Improvement,660,0612,0612 Textured Anti Skid Drawer Mat (45 x 500 cm),941,220,84,15,561,18,475
Home Improvement,440,0613,0613 Textured Anti Skid Drawer Mat (45 x 150 cm),288,90,42,15,374,18,317
Home Improvement,624,0692,0692 Multi Purpose Wall Mount Shelf - 10 x 5.5 inch (H-102),378,208,42,20,499,18,423
Home Improvement,728,0693,0693 Multi Purpose Wall Mount Shelf - 12 x 5.5 inch (H-102),385,182,42,30,510,18,432
Home Improvement,696,0694,0694 Multi Purpose Corner Wall Mount Shelf - 8 x 8 Inch  (H-101),729,174,84,25,522,18,442
Home Improvement,615,0695,0695 Multi Purpose Corner Wall Mount Shelf - 10 x 10 Inch  (H-101),505,205,84,10,554,18,469
Home Improvement,711,0696,0696 Multi Purpose Corner Wall Mount Shelf - 12 x 12 Inch  (H-101),500,237,84,15,604,18,512
Home Improvement,448,0697,0697 Multi Purpose Tooth Brush Holder/Tooth Paste Stand   (H-107),500,112,84,5,426,18,361
Home Improvement,485,0698,0698 Kitchen/Bathroom Square Napkin Toilet Paper Holder - 7 inch (H-110),420,97,42,25,364,18,308
Home Improvement,528,0699,0699 Kitchen/Bathroom Square Napkin Toilet Paper Holder - 14 inch,578,132,84,10,475,18,403
Home Improvement,528,0700,0700 Kitchen/Bathroom Round Napkin Toilet Paper Holder - 14 inch,540,132,84,15,449,18,380
Home Improvement,760,0701,0701 Multi Purpose Wall Mount Stand for Set top box (H-103),756,190,84,25,570,18,483
Home Improvement,744,0702,0702 Multi Purpose Wall Mount Stand for Set top box,500,248,84,15,632,18,536
Home Improvement,999,0756,0756_ABS Plastic 4 in 1 Multipurpose Kitchen/Bathroom Shelf/Paste-Brush Stand/Soap Stand/Tumbler Holder/Bathroom Accessories,627,110,84,50,500,18,423
Home Improvement,"1,999",0764,0764 Big 3 Blade Ceiling Fan,2590,825,252,20,1599,18,1355
Home Improvement,"2,599",0765,0765 Small 4 Blade Ceiling Fan,2900,795,252,35,1689,18,1432
Home Improvement,325,0862,"0862 Refrigerator base Stand 4pcs, Washing Machine Stand, Furniture Base Stand, Fridge Stands",451,47,42,10,293,18,248
Home Improvement,1399,1220,1220 Portable Mini Hand Tailor Machine for Sewing Stitching,1238,569,126,25,1049,18,889
Home Improvement,499,1232,1232 Handheld Portable Mini Electric Cordless Sewing Machine for Beginners,500,185,84,0,499,18,423
Home Improvement,499,1259,1259 Reusable Insulated Grocery Shopping Cloth Bag Washable and Foldable,968,77,84,20,399,18,338
Home Improvement,1299,1401,1401 Bathroom Accessories Folding Towel Rack,2730,389,252,20,1039,18,881
Home Improvement,1299,1490,"1490 Multipurpose Wooden Clips /Cloth Pegs (Large, 500 Pcs)",1000,610,84,20,1039,18,881
Home Improvement,299,1534,1534 kitchen water shower tap faucet tap aerator,125,69,42,0,299,18,253
Home Improvement,699,1570,1570 3 Layer Multipurpose Portable Folding Shoe Rack/Shoe Cabinet,1570,272,168,0,699,18,592
Home Improvement,2999,1708,1708 Table Corners Edge Protector Guards for Baby Child Safety (Pack of 100),1708,1429,168,25,2249,18,1906
Home Improvement,699,2267,2267 5 LTR Water Rover Jug (Plastic) (Multi-coloured),1426,230,126,10,629,18,533
Home Improvement,330,2307,2307 Telescopic Adjustable Faucet Rack Dish Brushes Sponge Storage Shelves Sink Drain,466,89,42,0,330,18,280
Home Improvement,999,2501,2501 Foldable Height Adjusting Stool Space Saving Telescopic Stool,1040,389,126,15,849,18,720
Home Improvement,999,2502,2502 Foldable Height Adjusting Stool Space Saving Telescopic Stool,1040,389,126,15,849,18,720
Home Improvement,599,3107,3107 Acrylic Wall Mount Shelf Rack Kitchen and Bathroom Accessories (15X5-inch),600,218,84,10,539,18,457
Home Improvement,799,3259,3259 Stainless Steel 3 in 1 Multipurpose Bathroom Shelf Rack Towel Rod Tumbler Holder with Brush Hanger Bathroom Accessories,500,257,84,20,639,18,542
Home Improvement,1999,4612,4612 Silent and Portable High Speed Foldable Table Fan with USB Charging Feature,810,859,84,30,1399,18,1186
Home Improvement,1999,4624,4624 Portable 2 Tier Stainless Steel and Plastic Cloth Drying Stand with Double Pole,3135,975,294,10,1799,18,1525
Home Improvement,999,4649,4649 Adjustable Folding Clothes Steel Drying Racks Hanger Shelf,2320,362,210,10,899,18,762
"Jams, Honey & Spreads",408,0051,0051 Strawberry spread (350 Gms),400,143,42,5,388,18,328
"Jams, Honey & Spreads",408,0052,0052 Milk Spread (350 Gms),400,143,42,5,388,18,328
"Jams, Honey & Spreads",475,0053,0053 Chocotown Spreads Cocoa spread,400,132,42,15,404,18,342
"Jams, Honey & Spreads",606,0054,0054 Choco Nutri Chocolate Spreads - Premium Hazelnuts Spreads - 350 gm,350,215,42,15,515,18,437
Kitchen,1299,1142,1142 Box Watermelon Cutter,1102,129,126,60,520,18,440
Kitchen,660,0057,0057 Digital Weighing Scale (10 Kg),428,175,42,30,462,18,392
Kitchen,792,0068,0068 -4 In 1 Vegetable Grater Mandoline Slicer,846,198,84,30,554,18,470
Kitchen,660,0071,0071 Plastic Vegetable Chopper  (1000 ml),500,128,84,30,462,18,392
Kitchen,452,0074,0074 Fruit and Vegetable Juicer nano or mini Juicer,619,112,84,5,429,18,364
Kitchen,645,0075,"0075 Dryfruit Box, Chocolates Box, Sweet Box, Mouth Freshener Box, Indian Mukhwas Box (Set of 4, Green)",1539,215,168,0,645,18,547
Kitchen,440,0077,"0077 Dryfruit Box, Chocolates Box, Sweet Box, Mouth Freshener Box, Indian Mukhwas Box (Set of 2, Orange)",799,110,84,5,418,18,354
Kitchen,572,0079,0079 Manual 2 in 1 Handy smart chopper for Vegetable Fruits Nuts Onions Chopper Blender Mixer Food Processor (750 ml),526,125,84,20,458,18,388
Kitchen,1999,0082,"0082 Smokeless Electric Indoor Barbecue Grill, 2000w",2520,675,252,35,1299,18,1101
Kitchen,760,0083,0083 Stainless Steel French Fries Potato Chips Strip Cutter Machine,679,397,84,0,760,18,644
Kitchen,435,0089,,354,74,42,20,348,18,295
Kitchen,648,0090,"0090L Kitchen Press Set 12 pcs, Silver (Loose Packing)",607,189,84,20,518,18,439
Kitchen,711,0098,,933,135,84,30,498,18,422
Kitchen,330,0099,0099 Square Plastic Gas Cylinder Trolley,290,60,42,5,314,18,266
Kitchen,495,0101,0101 Compact & Powerful Hand Held Vegetable Chopper (650 ml),439.4,89,42,25,371,18,315
Kitchen,660,0102,"0102 Kitchen Knife Set with Wooden Block and Scissors (5 pcs, Black)",340,142,42,35,429,18,364
Kitchen,700,0104,0104 New Stylish Stainless Steel Cutlery Set (24 pcs),1350,158,126,20,560,18,475
Kitchen,435,0109,0109 Plastic Handheld Egg Cracker with Separator,239,81,42,20,348,18,295
Kitchen,720,0114,"0114 Virgin Plastic French Fry Chipser, Potato Chipser/Potato Slicer with Container",983,182,84,25,540,18,458
Kitchen,652,0118,0118 Stainless Steel Gas Cylinder Trolley,1540,152,168,10,587,18,497
Kitchen,684,0119,0119 french fries chipser (potato chipser),979,228,84,15,581,18,493
Kitchen,704,0121,0121 Portable USB Electric Juicer - 2 Blades (Protein Shaker),506,260,84,15,598,18,507
Kitchen,1266,0125,"0125 Stainless Steel Briefcase Style Barbecue Grill Toaster (Medium, Black)",2385,669,210,0,1266,18,1073
Kitchen,999,0126,"0126 Folding Barbeque Charcoal Grill Oven (Black, Carbon Steel)",1450,379,126,15,849,18,720
Kitchen,645,0130,0130 Manual Gola Maker (Multicolour),2073,289,210,0,645,18,547
Kitchen,754,0131,0131 Portable USB Electric Juicer - 4 Blades (Protein Shaker),506,297,84,15,641,18,543
Kitchen,826,0133,0133 Portable USB Electric Juicer - 6 Blades (Protein Shaker),506,329,84,15,702,18,595
Kitchen,464,0135,0135 Cordless Motorized Knife Blade Sharpener Tool,234,135,42,15,394,18,334
Kitchen,652,0139,0139 Foldable Strainer Chef Basket,346,155,42,30,456,18,387
Kitchen,616,0140,0140 Plastic Multipurpose Manual Juicer,1490,148,126,15,524,18,444
Kitchen,330,0141,0141 slicer 6 in 1,246,39,42,15,281,18,238
Kitchen,360,0145,0145 Stainless Steel Medu Vada Maker,410,79,42,10,324,18,275
Kitchen,360,0146,0146 Gas Cylinder Trolley,1395,62,126,0,360,18,305
Kitchen,792,0153,0153 Electric Egg Boiler Poacher Steamer (7 Egg Poacher),819,200,84,25,594,18,503
Kitchen,495,0155,0155 Dough Maker Machine With Measuring Cup (Atta Maker),,97,42,25,371,18,315
Kitchen,380,0164,0164 Primo Water Pump Dispenser Handle Carry Handle Convenient Spout Cap,460,76,42,15,323,18,274
Kitchen,400,0178,0178 Kitchen Food Processor (Chop N Churn),681,83,84,5,380,18,322
Kitchen,999,0357,0357 Datlon Bio Cleaner Vegetables & Fruit Cleaner - 1 L,1000,104,84,50,500,18,423
Kitchen,452,0375,0375 -40Kg 10g Portable Handy Pocket Smile Mini Electronic Digital LCD Weighing Scale,153,119,42,15,384,18,326
Kitchen,485,0542,"0542 Gardening Tools - Hand Cultivator, Big Trowel, Garden Fork (Set of 3)",68,92,42,25,364,18,308
Kitchen,608,0549,"0549 Digital Portable Hook Type Weighing Scale (50 kg, Multicolor)",176,159,42,25,456,18,386
Kitchen,759,0596,0596 Self Stirring Mug,324,208,42,30,531,18,450
Kitchen,420,0634,0634 Smart Candy Box,372,75,42,20,336,18,285
Kitchen,700,0643,"0643 Multipurpose (MH-200) LCD Screen Digital Electronic Portable Mini Pocket Scale(Weighing Scale), 200g",94,175,42,30,490,18,415
Kitchen,360,0649,0649 stainless steel Bicycle shape Pizza cutter,102,72,42,10,324,18,275
Kitchen,470,0704,0704 -3 in 1 Fruit & Vegetable Chopping Board Wash Folding Basket,288,59,42,30,329,18,279
Kitchen,802,0705,0705 Multi-function Hanging Window Sill Drying Rack Easy Folding Drying Rack Balcony Retractable Drying Shoe Rack,1125,354,126,5,762,18,646
Kitchen,897,0732,0732 Multipurpose Unbreakable Plastic Matka Stand/Pot Stand,851,41,84,60,359,18,304
Kitchen,699,0739,0739 Portable Blender Juicer Cup USB Rechargeable Electric Automatic Vegetable Juicer Cup Lemon Orange Maker Mixer Bottle Drop 380ml,436,359,42,5,664,18,563
Kitchen,720,0740,0740 Stainless Steel Puri Press/Puri Machine/Papad Maker Machine,838,279,84,10,648,18,549
Kitchen,460,0741,0741 Mini Pull Chopper 450ml Handy Plastic Chopper with Triple SS Blade,328,115,42,15,391,18,331
Kitchen,399,0812,0812 Cake Decorating Kit with Reusable Plastic Couplers Piping Nozzle Set,198,129,42,0,399,18,338
Kitchen,899,0825,0825 Heavy Duty Universal Washing Machine Stand Double Single Door Stand,2120,397,210,0,899,18,762
Kitchen,799,1197,1197 Electronic Kitchen Digital Spoon Weighing Scale,145,259,42,25,599,18,508
Kitchen,1999,1452,1452 One-Touch Automatic Vacuum Sealing Machine for Dry And Moist Food,618,719,84,35,1299,18,1101
Kitchen,1999,1580,1580 Digital Multi-Purpose Kitchen Weighing Scale (TS500),1580,689,168,30,1399,18,1186
Kitchen,999,1671,"1671 Hard Water Filter with Multi Function Overhead Shower, Chrome Finish",1671,450,168,5,949,18,804
Kitchen,399,2014,1914 Doctor Set for Kids (Multicolour),380,115,42,5,379,18,321
Kitchen,599,2023,"2023 Plastic 14-in-1 Jumbo Manual Vegetable Grater,Chipser and Slicer",1009,269,126,0,599,18,508
Kitchen,999,2025,"2025 Maitri Plastic 12-in-1 Jumbo Manual Vegetable Grater, Chipser and Slicer",954,240,84,35,649,18,550
Kitchen,999,2042,"2042 Kitchen Combo - Juicer, 6 in 1 Slicer, Vegetable Cutter, Corn Cutter, Spiral Cutter, 4 in 1 Peeler, Orange Peeler, Apple Cutter and 4pc Glasses",1790,277,168,25,749,18,635
Kitchen,999,2051,2051 Manual Food Processor Blender Mixer Grinder,1512,330,168,20,799,18,677
Kitchen,499,2055,2055 Kitchen Plastic Space Saver Organizer Basket Rack- 4 pcs,405,89,42,25,374,18,317
Kitchen,499,2064,2064 Foldable Drain Rack Kitchen Sink Roll up Dish Drying Rack Portable Dish Rack,292,129,42,20,399,18,338
Kitchen,499,2069,2069 5 in 1 Multifunction Vegetable Cutter Manual Dicer with Container Box,626,132,84,10,449,18,381
Kitchen,999,2094,2094 Stainless Steel Cutlery Set with Plastic Storage Box (24 Pieces - Brown),422,289,42,35,649,18,550
Kitchen,999,2095,2095 Stainless Steel Cutlery Set with Stand - Pack of 24(Silver),610,289,84,30,699,18,593
Kitchen,499,2099,2099 Rotating Cake Stand for Decoration and Baking,1240,85,126,10,449,18,381
Kitchen,899,2126,2126 Cake Mould Pan Set Baking Tray Removable Cake Mould Black (3 Pack),1040,359,126,10,809,18,686
Kitchen,1499,2137,2137 Silicone Foldable Collapsible Electric Water Kettle Camping  Boiler,526,450,84,40,899,18,762
Kitchen,699,2142,2142 6 in 1 Stainless Steel Kitchen Chips Chopper Cutter Slicer and Grater with Handle,560,295,84,5,664,18,563
Kitchen,999,2143,2143 Compact Hand Electric Mixer/Blender for Whipping/Mixing with Attachments,600,325,84,30,699,18,593
Kitchen,799,2150,2150 Multi functional Electric 2 in 1 Egg Frying Pan with Egg Boiler Machine Measuring Cup with Handle,2190,315,210,0,799,18,677
Kitchen,899,2151,2151 Stainless Steel Electric Kettle with Lid - 2 l,600,309,84,0,899,18,762
Kitchen,499,2161,2161 10 in 1 Multifunctional Vegetable Fruits Cutter/Slicer Shredder with Rotating Drain Basket,450,159,42,0,499,18,423
Kitchen,499,2162,2162 Hot N Fresh Insulated Plastic Casserole Gift Set (3 Pieces),1360,152,126,0,499,18,423
Kitchen,999,2182,2182 Light Weight Plastic Dinner Set of 36 Pieces,2080,397,210,10,899,18,762
Kitchen,999,2199,2199 Multipurpose Vegetable and Fruit Chopper Cutter Grater Slicer,1054,239,126,30,699,18,593
Kitchen,899,2200,2200 Mini Multipurpose Vegetable and Fruit Chopper Cutter Grater Slicer,670,225,84,30,629,18,533
Kitchen,799,2206,"2206 20 in 1 Multipurpose Fruit & Vegetable Chopper, Slicer, Chipser, Dicer, Cutter and Grater",1165,309,126,10,719,18,609
Kitchen,399,2224,2224 BBQ Tandoor Skewers Grill Sticks for Barbecue (Pack of 12),280,101,42,10,359,18,304
Kitchen,1999,2225,2225 Folding Portable Barbeque BBQ Grill Set for Outdoor and Home,2292,635,210,30,1399,18,1186
Kitchen,499,2229,2229 Compact 6 in 1 Egg Boiler Cooker/Poacher,727,160,84,5,474,18,402
Kitchen,499,2257,2257 Manual Hand Held Vegetable Chopper Mincer Blender (600ml),348,75,42,30,349,18,296
Kitchen,1499,2285,2285 Stainless Steel Knife Set With Chef Peeler And Scissor (6 Pieces),644,448,84,40,899,18,762
Kitchen,799,2297,"2297 12 in 1 Multipurpose Fruit & Vegetable Chopper, Slicer, Chipser, Dicer, Cutter and Grater",1068,259,126,15,679,18,576
Kitchen,499,2302,2302 Aluminium Silver Kitchen Foil Roll ( 72 Meter *),600,197,84,0,499,18,423
Kitchen,699,2305,2305 Metal Moulds for Baking Non-Stick Cake Tins (Pack of 3),1000,265,84,10,629,18,533
Kitchen,405,2306,2306 Manual Knife Sharpener 3 Stage Sharpening Tool for Ceramic Knife and Steel Knives,203,135,42,5,385,18,326
kitchen,1199,2313,2313 Aluminum Alloy Manual Fruit Press Juicer Fruit Hand Squeezer Heavy Duty,1050,325,126,35,779,18,660
Kitchen,799,2318,2318  Ice Gola Maker Ice Snow Maker Machine,2026,275,210,5,759,18,643
Kitchen,1499,2326,2326 Manual Aluminium Fruit Press Juicer Alloy Fruit Hand Squeezer Heavy Duty,985,408,84,40,899,18,762
Kitchen,1199,2330,2330 Stainless Steel Salad Vegetable Potato Chips Cutter Chopper,1610,397,168,25,899,18,762
Kitchen,399,2342,2342 Heavy unbreakable Stylish Diamond look fully Transparent Plastic Glasses Set 260ml (6pcs),820,115,84,0,399,18,338
Kitchen,499,2358,2358 Plastic Transparent Unbreakable Lemon Juice Jug Set and 6 pcs Glass,1258,129,126,0,499,18,423
Kitchen,1999,2362,2362 Crystal Ice Cream Bowl Glass for Serving Set of 7pcs with 1 Large Bowl & 6 Medium Bowls,2641,652,252,30,1399,18,1186
Kitchen,499,2363,2363 Multi Purpose Drinking Glass Set (Set of 6 Pcs),890,127,84,10,449,18,381
Kitchen,999,2364,2364 Heart Shape Metal Moulds for Baking Non-Stick Cake Tins (Pack of 3),856,348,84,25,749,18,635
Kitchen,699,2369,2369 Manual Fruit & Vegetable Juicer with Steel Handle Fruit Juicer,1597,159,168,15,594,18,504
Kitchen,999,2373,2373 Mini Manual Aluminium Fruit Press Juicer,907,325,84,25,749,18,635
Kitchen,599,2374,2374 Electric Mini Garlic Chopper (250ml),265,289,42,5,569,18,482
Kitchen,599,2379,2379 Multiple Shape Metal Moulds for Baking Non-Stick Cake Tins,480,285,42,5,569,18,482
Kitchen,599,2387,2387 Multipurpose Vegetable and Fruit Chopper Cutter Grater Slicer,960,235,84,5,569,18,482
Kitchen,599,2391,2391 Glass Kettle/Teapot with Stainless Steel Infuser & Lid,310,240,42,10,539,18,457
Kitchen,599,2414,"2414 Portable Mini Gas Travelling Stove, Small Gas Stove",390,323,42,0,599,18,508
Kitchen,599,2415,2415 Vegetable Cutter Chopper Chipser for Kitchen 12 in 1 (11 Blade and 1 Peeler),955,258,84,0,599,18,508
Kitchen,499,2430,2430 Manual Knife Sharpener 2 Stage Sharpening Tool for Ceramic Knife and Steel Knives,130,119,42,20,399,18,338
Kitchen,799,2445,2445 Manual Aluminium and Plastic Fruit Press Juicer,985,348,84,10,719,18,609
Kitchen,499,2463,2463 8 Piece Kitchen Knife Set for Kitchen,682,197,84,0,499,18,423
Kitchen,999,2467,2467  24 Pack Premium Stainless Steel Cutlery Set,1035,479,126,5,949,18,804
Kitchen,399,2516,2516 Combo Stainless Steel 9 Russian Cake Icing Nozzles,248,139,42,0,399,18,338
Kitchen,999,2533,"2533 Yogurt Maker Machine, Stainless Steel Inner Container Electric Yogurt Maker",761,297,84,30,699,18,593
Kitchen,399,2535,2535 Rolling Mat Silicone Baking Mat Fondant Mat Sheet Chapati,174,123,42,5,379,18,321
Kitchen,499,2542,2542 Stainless Steel and Plastic Insulated Lunch Box of 3 Air Tight Containers with Bag Cover,591,183,84,0,499,18,423
Kitchen,599,2551,2551 Multipurpose Top Kitchen Knife for Home and Restaurant (12Pcs Set),318,148,42,30,419,18,355
Kitchen,499,2556,"2556 Creative Snack Dish, Five trellised Family Fruit Dessert set",821,165,84,5,474,18,402
Kitchen,599,2563,2563 Wall Mounted Oil Dispenser Bottle,517,200,84,10,539,18,457
Kitchen,720,3207,3207 Disposable Round Shape Eco-friendly Areca Palm Leaf Plate (12x12 inch) (pack of 25),2170,187.5,210,5,684,18,580
Kitchen,550,3208,3208 Disposable Round Shape Eco-friendly Areca Palm Leaf Plate (10x10 inch) (pack of 25),956,137.5,84,15,468,18,396
Kitchen,972,3209,3209 Disposable Round Shape 4 Section Eco-friendly Areca Palm Leaf Plate (12x12 inch) (pack of 25),2350,255,210,20,778,18,659
Kitchen,790,3210,3210 Disposable Round Shape 3 Section Eco-friendly Areca Palm Leaf Plate (10x10 inch) (pack of 25),1768,197.5,168,20,632,18,536
Kitchen,640,3214,3214 Disposable Square Eco-friendly Areca Palm Leaf Plate (10x10 inch) (pack of 25),1310,167.5,126,15,544,18,461
Kitchen,510,3216,3216 Disposable Square Eco-friendly Areca Palm Leaf Plate (8x8 inch) (pack of 25),965,127.5,84,15,434,18,367
Kitchen,790,3220,3220 Disposable Square Shape Eco-friendly Areca Palm Leaf Plate (10x10 inch) (pack of 25),1804,197.5,168,20,632,18,536
Kitchen,660,3222,3222 Disposable Heart Shape Eco-friendly Areca Palm Leaf Plate (6x6 inch) (pack of 25),683,165,84,25,495,18,419
Kitchen,499,3306,3306 Silicone 6-Cavity Half Circle Half Sphere Half Round Hemisphere Baking Mould Chocolate Desserts Ice Cream Bombs Soap (Random Colour),378,85,42,30,349,18,296
Kitchen,499,4668,4668 Silicone Plastic Folding Collapsible Durable Kitchen Sink Dish Rack,1157,136,126,0,499,18,423
Kitchen,599,4690,4690 Silicone Anti Slip Food Grade Round Coasters Trivets Mat Pads,204,152,42,25,449,18,381
Kitchen,899,7007,"7007 Stainless Steel Stylish Cutlery Set with Spoons, Forks, Butter Knives for Stylish Dining (Set of 24 Pcs)",1435,435,126,5,854,18,724
Kitchen,799,7017,7017 Manual Fruit & Vegetable Juicer and Blender with Steel Handle (Multi Coloured),1897,232,168,15,679,18,576
Kitchen,999,7027,7027 Electric Fruit Vegetable Onion Garlic Cutter Food Speedy Chopper,325,248,42,40,599,18,508
Kitchen Storage (Lunch Box & W),999,2506,2506 Electric Lunch Box Electric Tiffin Box,908,294,84,30,699,18,593
"Kitchen Storage, Container & Rack",599,0058,0058 Electric lunch box,950,279,84,0,599,18,508
"Kitchen Storage, Container & Rack",564,0061,0061 Spice bottle 6pcs,492,107,42,30,395,18,335
"Kitchen Storage, Container & Rack",440,0062,0062 Smart Baskets for Storage(Set of 3),1094,94,126,0,440,18,373
"Kitchen Storage, Container & Rack",380,0078,"0078 Plastic Aachar Pickle Container/Chutney/Mukhwas Tray/Masala Tray/Dining Spice Stand (Set of 4 Jar, 2 Spoon, 1 Tray,)",756,78,84,0,380,18,322
"Kitchen Storage, Container & Rack",792,0095,0095 Revolving Plastic Spice Rack Masala Organiser (12 pcs ),2426,198,210,15,673,18,571
"Kitchen Storage, Container & Rack",499,0096,0097 Revolving Plastic Spice Rack Masala Organiser (8 Pcs),839,123,84,10,449,18,381
"Kitchen Storage, Container & Rack",528,0097,"0098 Foldable Chopping Board, Dish Rack, Washing Bowl & Draining Basket, 3in1 Multi-Function",1199,132,126,5,502,18,425
"Kitchen Storage, Container & Rack",484,0100,0100 Plastic Spice Rack Masala Organiser (6 Pcs),594,121,84,10,436,18,369
"Kitchen Storage, Container & Rack",735,0103,0103 Revolving Plastic Spice Rack  (16 Pcs),2238,215,210,5,698,18,592
"Kitchen Storage, Container & Rack",490,0120,0120 Salt and Pepper Set with Tissue Holder Kitchen Dining Table,529,81,84,20,392,18,332
"Kitchen Storage, Container & Rack",682,0128,"0128 Steel Lunch Box Set (5 pcs, Black)",1307,341,126,0,682,18,578
"Kitchen Storage, Container & Rack",360,0137,0137 A5 Size Notebook Plastic Bottle (Any color),252,59,42,15,306,18,259
"Kitchen Storage, Container & Rack",485,0163,"0163 Multipurpose Pickle Jar Set (Multicolour, 4 pcs)",1039,79,126,10,437,18,370
"Kitchen Storage, Container & Rack",564,0165,0165 Silicone Ice Cube Maker,510,115,84,20,451,18,382
"Kitchen Storage, Container & Rack",415,0170,0170 Lunch Box (200 ml each Container) with Attractive Stand - 4 pcs,944,79,84,10,374,18,317
"Kitchen Storage, Container & Rack",360,0171,"0171 Plastic Container Set, 200ml, Set of 6",442,75,42,10,324,18,275
"Kitchen Storage, Container & Rack",599,0326,0326 Silicone Collapsible/Foldable Water Bottle,300,169,42,20,479,18,406
"Kitchen Storage, Container & Rack",999,0327,"0327 Water Bottle Thermo Steel 900ml, Thermos Flask Water Bottle for Cold Water",517,390,84,20,799,18,677
"Kitchen Storage, Container & Rack",360,0364,"0364 Notebook Style Slim Water Bottle (380 ml, Multicolor)",222,72,42,10,324,18,275
"Kitchen Storage, Container & Rack",399,0603,0603 Cereal Storage Container With Measuring Cup For Kitchen Storage (3 units),882,219,84,0,399,18,338
"Kitchen Storage, Container & Rack",638,0606,0606 Stainless Steel Lunch Box (Tiktok Tiffin),132,319,42,5,606,18,514
"Kitchen Storage, Container & Rack",748,0607,0607 Plastic Sink Dish Drainer Drying Rack,2032,139,210,15,636,18,539
"Kitchen Storage, Container & Rack",780,0746,0746_Stainless Steel 2 Layer Plate & Bowl Stand Kitchen Utensil Rack/Cutlery Stand,2974,220,252,5,741,18,628
"Kitchen Storage, Container & Rack",499,0804,0804 Collapsible Folding Silicone Dish Drying Drainer Rack with Spoon Fork Knife Storage Holder,1116,120,126,0,499,18,423
"Kitchen Storage, Container & Rack",999,2111,2111 Microwave Safe Stainless Steel Small Square Lunch Box Containers,1320,345,126,20,799,18,677
"Kitchen Storage, Container & Rack",499,2174,2174 Multipurpose Rajwadi Style Spice & Pickle Jar Set 4 Containers with 2 spoons,1264,119,126,5,474,18,402
"Kitchen Storage, Container & Rack",999,2201,2201 Compact Stainless Steel Airtight Lunch Box Set - 4 pcs (3 Leakproof Containers and 1 Bottle),1326,329,126,20,799,18,677
"Kitchen Storage, Container & Rack",699,2274,"2274 Air Tight Apple Shape Storage Container - 500 ml, 800 ml and 1500 ml (4 Pcs Each Size, 12 Pcs)",1130,319,126,0,699,18,592
"Kitchen Storage, Container & Rack",799,2286,2286 Matka Shaped Jar with Air Tight & Leak Proof Lid (Multicolour) (Set of 6) (900Ml),2300,215,210,10,719,18,609
"Kitchen Storage, Container & Rack",1199,2298,"2298 Reusable Clear Square Container for Sugar, Salt, Dried Fruits, & More (1500 ML) (6 pcs)",1652,389,168,25,899,18,762
"Kitchen Storage, Container & Rack",449,2303,2303 Folding Shopping Portable Storage Basket,828,119,84,5,427,18,361
"Kitchen Storage, Container & Rack",499,2325,2325 Wall Mounted Cereal Dispenser Tank Grain Dry Food Container (1500ML) (Multicolour),634,122,84,10,449,18,381
"Kitchen Storage, Container & Rack",999,2359,"2359 Stainless Steel Jar With Visible Container Glass Window & Airtight Lid (Pack of 3) (325ml,500ml,740ml)",1550,373,168,15,849,18,720
"Kitchen Storage, Container & Rack",499,2360,2360 Stainless Steel Jar With Visible Container Glass Window & Airtight Lid (800ml),650,163,84,0,499,18,423
"Kitchen Storage, Container & Rack",999,2375,2375 Lock 'N' Store High Borosilicate Bakeware Safe Glass Container With Bag (Pack of 3),1042,339,126,20,799,18,677
"Kitchen Storage, Container & Rack",499,2408,"2408 Resistant Glass Jug for Juice, Milk, Cold or Hot Beverages",860,197,84,0,499,18,423
"Kitchen Storage, Container & Rack",599,2444,2444 Crystal Seasoning Acrylic Box Pepper Salt Spice Rack,525,197,84,10,539,18,457
"Kitchen Storage, Container & Rack",799,2454,2454 Air Tight Unbreakable Big Size 1100 ml Square Shape Kitchen Storage Container (Set of 6),1522,342,168,0,799,18,677
"Kitchen Storage, Container & Rack",499,2456,2456  jar Container Coming with Metal Air Tight and Rust Proof Cap (Set of 3),955,195,84,0,499,18,423
"Kitchen Storage, Container & Rack",1999,2550,2550 Easy Flow Cereal Dispenser for Kitchen 3 in 1 Push Button Wall Mount Container,3170,497,294,40,1199,18,1016
"Kitchen Storage, Container & Rack",599,1409,1409 Stainless Steel Water Bottle (1000 ml),464,148,42,30,419,18,355
Kitchen Tools,572,0072,0072 Manual Food Chopper (Food Processor) (800 ml),470,93,42,35,372,18,315
Kitchen Tools,699,0115,0115 Multi-Function 2 Layer 14 Egg Cooker Boilers & Steamer,819,225,84,20,559,18,474
Kitchen Tools,380,0630,"0630 Stylish look Plastic Juicy Glass, Transparent Glasses Set 300ml (6pcs)",444,79,42,10,342,18,290
Kitchen Tools,499,2327,2327 15 in 1 Stainless Steel Kitchen Press with Different Parts,605,189,84,0,499,18,423
Kitchen Tools,499,2349,2349 Digital Multi-Purpose Kitchen Weighing Scale With Free Finger Guard,485,163,42,15,424,18,359
Mobile Accessories,490,0300,0300 3D VR Box Virtual Reality Glasses,560,148,84,5,466,18,394
Mobile Accessories,470,0622,0622 Mobile Phone Metal Stand (Silver),216,78,42,25,353,18,299
Mobile Accessories,599,1282,1282 Super Bass Portable Wireless Bluetooth Speaker,515,259,84,0,599,18,508
Mobile Accessories,399,1333,1333 Mobile Phone Video Screen Magnifier Amplifier for Eyes Protection,192,75,42,15,339,18,287
Mobile Accessories,599,1465,1465 Portable 8.5 LCD Writing Digital Tablet Pad for Writing/Drawing,148,189,42,20,479,18,406
Mobile Headphones,495,0257,0257 Bluetooth Sports Sweatproof Earphone/Headphones,95,99,42,25,371,18,315
Mobile Headphones,654,0307,0307 Neckband Style Bluetooth Headset/Earphone,204,169,42,30,458,18,388
Mobile Holder & Stand,360,0262,0262 Flexible Adjustable 360 Rotable Mount Cell Phone Holder,161,73,42,10,324,18,275
Mobile Holder & Stand,465,0263,0263 Universal Car Various Function Holder,223,89,42,25,349,18,296
Mobile Holder & Stand,370,0264,0264 Universal Bike Phone Mount for Bike Handlebars,143,74,42,10,333,18,282
Mobile Holder & Stand,345,0272,0272 Universal Mini Tripod,162,45,42,15,293,18,249
Mobile Holder & Stand,499,0280,0280 Camera & Mobile Tripod,462,169,42,10,449,18,381
Mobile Holder & Stand,408,0283,0283 Adjustable Car Mount (Multicolour),224,88,42,15,347,18,294
Mobile Holder & Stand,400,0286,0286 Mobile Holder (360 Degree Rotation),270,80,42,15,340,18,288
Mobile Holder & Stand,436,0591,0591 Silicone Sucker Mobile Holder,350,109,42,15,371,18,314
Mobile Holder & Stand,325,0636,0636 Gorilla Tripod Fully Flexible Tripod (6 Inch),74,65,42,5,309,18,262
Mobile Holder & Stand,340,0703,0703 Multi Purpose Wall Mount Mobile Stand (H-105),234,70,42,5,323,18,274
Mobile Holder & Stand,699,1467,1467 Long Lightweight Aluminum Tripod Stand,820,359,84,0,699,18,592
Mobile Selfie Stick,1122,0290,,31,561,42,15,954,18,808
Mobile Selfie Stick,1232,0293,0293 5 in 1 Selfie Stick,295,616,42,15,1047,18,887
Mobile Selfie Stick,596,0319,0319 Clip-on 8X Optical Zoom Telescope Phone Camera Lens,180,149,42,25,447,18,379
Office Supply,548,0449,"0449 Handheld Reading Magnifier Glass 3X, 45X with 3 LED Lights for Reading/Maps/Watch Repair",149,137,42,25,411,18,348
Office Supply,628,0557,0557 Hand Held Optical Grade Magnifying Glass with 6 LED Lights,130,157,84,20,502,18,426
Office Supply,440,0577,0577 Imported Mini Portable Pen Light LED Flashlight Pocket Medical Torch Light,43,85,42,20,352,18,298
Office Supply,552,0881,"0881  Double Sided Nano Adhesive Tape, 5 meter Washable Traceless Nano Gel Tape, Multipurpose",359,138,42,20,442,18,374
Office Supply,485,0882,"0882 Double Sided Nano Adhesive Tape, 3 meter Washable Traceless Nano Gel Tape, Multipurpose",230,90,42,25,364,18,308
Office Supply,499,1519,1519 Self Adhesive Transparent Packing Tape - 400 meters,500,189,84,0,499,18,423
Office Supply,499,1522,1522 Hand-Held Packing Tape Dispenser with Retractable Blade for Tape,600,179,84,0,499,18,423
Office Supply,399,1538,1538 Self Adhesive Transparent Packing Tape- 200 metres,480,129,42,5,379,18,321
Office Supply,999,1548,"1548 Digital Vernier Caliper for Taking Internal, External Depth Thickness",275,485,42,15,849,18,720
Office Supply,999,1612,1612 Vernier Caliper Digital LCD Display,1612,245,168,30,699,18,593
Other,400,0172,0172 Rubber Pet Cleaning Massaging Grooming Glove Brush,527,18,84,20,320,18,271
Other,740,0176,0176 Cat Interactive Toy (Cat Scratching Pad),1014,185,126,20,592,18,502
Other,412,0900,0900 Tamper Proof Courier Bags(6.5X08 PLAIN 180 POD M1) - 100 pcs,419,107,42,10,371,18,314
Other,532,0901,0901 Tamper Proof Courier Bags(8X10 PLAIN 180 POD M1) - 100 pcs,656,173,84,5,505,18,428
Other,664,0902,0902 Tamper Proof Courier Bags(09X12 PLAIN 180 POD M1) - 100 pcs,719,225,84,15,564,18,478
Other,412,0930,"0930  POD pouch Secure Tamper Proof Courier Bags,100 pcs (7.5 x 7.5 Inch)",400,136,42,5,391,18,332
Other,"1,998",0949,0949 Stretch Wrap Roll for Luggage Packing/Wrapping (White Stretch Film per KG any size),400,999,42,25,1499,18,1270
Other,499,1241,1241 Pet Hair Remover Multi-Purpose Double Sided Self-Cleaning and Reusable Pet Fur Remover,259,135,42,15,424,18,359
Power & Hand tools,612,0413,0413 PVC Pipe Cutter (Pipe and Tubing Cutter Tool),217,139,42,30,428,18,363
Power & Hand tools,440,0414,"0414 Hand Tools - Plastic Powerful Hand Saw 18"" for Craftsmen",266,110,42,15,374,18,317
Power & Hand tools,380,0427,0427 08 in 1 Multi-Function Screwdriver Kit with LED Portable Torch,194,79,42,15,323,18,274
Power & Hand tools,415,0430,0430 Screwdriver Set  32 in 1 with Magnetic Holder,180,83,42,20,332,18,281
Power & Hand tools,464,0436,0436 Quick Snap N Grip,572,135,84,5,441,18,374
Power & Hand tools,1156,0437,"0437 -3X Large HSS Steel Step Cone Drill Titanium Bit Set Hole Cutter (4-32, 4-20, 4-12mm)",312,489,42,25,867,18,735
Power & Hand tools,616,0438,0438 Tubing Pipe Cutter,180,139,42,30,431,18,365
Power & Hand tools,416,0439,0439 Mini Bolt Cutter Wire Breaking Plier,256,103,42,15,354,18,300
Power & Hand tools,464,0440,0440 Revolving Leather Punch Plier,157,116,42,20,371,18,315
Power & Hand tools,652,0441,0441 Networking Crimping Tool,325,169,42,30,456,18,387
Power & Hand tools,792,0442,0442 Cutting Grinding Polishing Engraving Drill Bits Rotary Set (105 pcs),1000,198,84,25,594,18,503
Power & Hand tools,380,0443,0443 Metal Glass Cutter,32,62,42,15,323,18,274
Power & Hand tools,420,0445,"0445 Steel Screw Driver, Cutter and Pliers Set",350,105,42,10,378,18,320
Power & Hand tools,640,0447,0447 Adjustable Circle Hole Saw Drill Bit Cutter,350,160,42,25,480,18,407
Power & Hand tools,430,0451,0451 -24pcs T shape screwdriver set Batch Head Ratchet Pawl Socket Spanner hand tools,241,79,42,20,344,18,292
Power & Hand tools,350,0459,0459 Pencil Style Glass Cutter,100,48,42,15,298,18,252
Power & Hand tools,360,0460,0460 Antislip Metal Handle Steel Blade Oil Feed Glass Cutter,55,35,42,20,288,18,244
Power & Hand tools,330,0461,0461 Magnetic 31 in 1 Repairing Screw Driver Tool Set Kit,152,66,42,5,314,18,266
Power & Hand tools,408,0462,0462 Carpenter Mini Claw Hammer,358,117,42,5,388,18,328
Power & Hand tools,440,0573,"0573 Fibreglass Nail Hammer(450 GMS / 13"")",605,110,84,5,418,18,354
Power & Hand tools,440,0648,"0648 Water Pump Adjustable Plier Wrench Slip Joint Type, Chrome Plated (10 inch)",296,88,42,20,352,18,298
Power & Hand tools,399,1524,1524 Strong Durable Claw Hammer with Comfortable Grip - 13 Inch,420,110,42,5,379,18,321
Power & Hand tools,399,1545,1545 Heavy Duty Bolt Cutter,320,139,42,0,399,18,338
Power & Hand tools,399,1549,1549 Bolt Cutter Wire Breaking Plier,275,118,42,5,379,18,321
Power & Hand tools,699,1619,1619 Furniture Lifter Mover Tool Set Heavy Duty Furniture Shifting and Mover,1619,248,168,0,699,18,592
Repellents,784,0181,0181 Mini Photocatalyst Mosquito Lamps,706,187,84,30,549,18,465
Repellents,599,1219,1219 Eco Friendly Electronic Mosquito Killer Lamp,642,215,84,10,539,18,457
Repellents,499,1322,1322 Electric Mosquito Killer LED Lamp Light Bug Dispeller with Suction Fan,876,198,84,0,499,18,423
Security,744,0185,0185 Anti Theft Security Pad Lock with Smart Alarm,329,197,42,30,521,18,441
Security,435,0186,0186 Solid Imitation Copper Lock,430,87,42,20,348,18,295
Security,412,0218,0218 -4 Digit Combination Padlock,120,85,42,15,350,18,297
Security,375,0228,0228 Multi Purpose Key-Lock (Cable Lock),191,88,42,10,338,18,286
Security,2400,0323,0323 Panoramic Camera Light Bulb (WiFi Wireless Smart spy Bulb),289,1020,42,40,1440,18,1220
Security,1958,0324,0324 -360? 1080P WiFi Home Security Camera,645,979,84,20,1566,18,1327
Security,999,1212,1212 Resettable Code Combination Number Padlock,275,319,42,35,649,18,550
Shelves & Racks,799,1535,1535 Movable Wall Mount Stand for 14-42-inch LCD LED TV,1545,329,168,0,799,18,677
Shelves & Racks,999,2310,2310 Plastic 2 Layer Multi-Purpose Kitchen Storage Basket Rack,500,397,84,20,799,18,677
Socks,693,0478,0478 Mens Invisible Socks (12 pcs),500,240,84,15,589,18,499
Sports,432,0399,0399 Silicone Material Swimming Goggles,271,108,42,15,367,18,311
Sports,792,0576,0576 Multi-Function Collapsible  Self Defense Stick Extended,520,229,84,25,594,18,503
Sports,753,0875,0875 Portable USB Battery Rechargeable Mini Fan - Headphone Design Wearable Neckband Fan,210,225,42,30,527,18,447
Sports,399,1342,"1342 Extra Strong Pull String Body Building Training, Pull Rope Rubber Exerciser (loose)",665,115,84,0,399,18,338
Sports,1499,1443,1443 Portable Push Up Board System Body Building Exercise Tool,1198,397,126,40,899,18,762
Sports,699,1592,1592 Anti-Burst Exercise Heavy Duty Gym Ball (Multicolour) (75Cm) (No Box & No Pump),1592,279,168,0,699,18,592
Sports,999,4662,4662 Portable Magnetic Score Dart Board Set,1522,425,168,10,899,18,762
Stationery,660,0463,"0463  Hot Melt Glue Sticks size : 2.5 inch, thickness ( Pack of 100 )",748,286,84,5,627,18,531
Stationery,660,0483,0483 Transparent HOT MELT Glue Sticks for DIY and Craft Work Big 10 mm 8 inch  (Set of 40),639,220,84,15,561,18,475
Stationery,499,0560,0560 Gold Plated Professional Cloth Cutting Scissor,204,169,42,10,449,18,381
Stationery,440,0568,0568 Hot Melt Glue Gun (60 watts),400,110,42,15,374,18,317
Stationery,436,0575,0575 Glue Gun (40 watt),500,109,84,5,414,18,351
Stationery,399,1547,1547 Stainless Steel Tailoring Scissor Sharp Cloth Cutting for Professionals (9.5inch) (Golden),240,155,42,0,399,18,338
Toys For Kids,650,0273,0273 Bluetooth Microphone Player speaker (Karaoke),388,325,42,5,618,18,523
Toys For Kids,484,0285,0285 Harmonica (24 Hole),270,121,42,20,387,18,328
Toys For Kids,484,0313,"0313 Digital Writing Tablet, 4.4-inch LCD Writing Pad eWriter (No return policy)",43,71,42,30,339,18,287
Toys For Kids,484,0523,0523 Gold Plated Poker Playing Cards (Golden),124,135,42,15,411,18,349
Toys For Kids,499,0859,"0859 46 Pcs Plastic Art Colour Set with Color Pencil, Crayons, Oil Pastel and Sketch Pens",390,139,42,15,424,18,359
Toys For Kids,699,1082,1082 Dobble Game for Children (Multicolour),145,260,84,15,594,18,504
Toys For Kids,799,1083,1083 Dobble Spot It Card Educational Game,324,279,42,25,599,18,508
Toys For Kids,399,1360,1360 LCD Portable Writing Pad/Tablet for Kids - 8.5 Inch,148,137,42,0,399,18,338
Toys For Kids,599,1412,1412 Portable LCD writing Tablet Paperless Memo Digital Tablet Pad,238,279,42,5,569,18,482
Toys For Kids,599,1497,"1497 Cute, Cuddly and Clean Toddlers Training Seat",1066,230,126,0,599,18,508
Toys For Kids,2499,1599,1599 Portable Dual Nozzle Electric Balloon Blower Pump Inflator,1599,775,168,45,1374,18,1165
Toys For Kids,1499,1909,1909 Jumbo Size Go to School Kids Play Tent House (Multicolour),1909,489,168,30,1049,18,889
Toys For Kids,499,1911,1911 54 Pcs Blocks 4 Dices Wooden Tumbling Stacking Building,870,169,84,0,499,18,423
Toys For Kids,499,1912,1912 Wooden Xylophone Musical Toy for Children (MultiColor),322,135,42,20,399,18,338
Toys For Kids,599,2431,2431 High Quality Multi-Utility Compact Foldable Table,470,245,42,10,539,18,457
Toys For Kids,999,4603,"4603 Musical Learning Study Book with Numbers, Letters",405,459,42,15,849,18,720
Travel,1342,1342,"1342 Extra Strong Pull String Body Building Training, Pull Rope Rubber Exerciser (loose)",177,145,42,65,470,18,398
Travel,801,0233,0233 Travel Windproof Umbrella (Reverse Umbrella),450,239,42,30,561,18,475
Travel,455,0234,0234 -3 Fold Premium Umbrella,200,89,42,20,364,18,308
Travel,415,0505,"0505 -3-in-1 Air Travel Kit with Pillow, Ear Buds & Eye Mask",86,71,42,20,332,18,281
Travel,784,0514,0514 Three Layers Neck Traction Pillow,180,165,42,35,510,18,432
Travel,499,0518,0518 Pocket Folding Wine Bottle Umbrella,310,165,42,10,449,18,381
Travel,1420,0533,0533 Camping Waterproof Tent (4 Person),1237,710,126,15,1207,18,1023
Travel,596,0540,0540 New B Portable Water Bottle,280,123,42,30,417,18,354
Travel,693,0548,0548 Black Digital Portable Luggage Scale with LCD Backlight (50 kg),84,231,42,20,554,18,470
Travel,924,0550,0550 Portable Handheld Garment Steamer,576,462,84,10,832,18,705
Travel,"3,000",0708,"0709 Dual-Cylinder Foot Pump, Portable Floor Bike Pump, 150PSI Air Pump",2620,1188,252,30,2100,18,1780
Travel,499,0726,0726 Smart Vacuum Insulated Water Bottle with LED Temperature Display,322,225,42,0,499,18,423
Travel,499,1157,1157 Cross Body Travel Office Business Bag one Side Shoulder Bag Unisex,1188,205,126,0,499,18,423
Travel,799,1276,"1276 Sun Protection Water Proof Fabric Polyester Garden Umbrella for Beach, Lawn",117,305,42,20,639,18,542
Watch,528,1815,1815 Unique & Premium Analogue Watch Coffee color dial with eagle stylish watch (Watch 15),1815,65,168,10,475,18,403
Ayurvedic and Herbal products,675,AL333,Organic Amla Powder 200 gms,,,,30,473,5,450
Ayurvedic and Herbal products,850,AG338,Organic Ashwagandha Powder 200gms,,,,30,595,5,567
Ayurvedic and Herbal products,625,P6092,Organic Bhringraj Powder - 200gms,,,,25,469,5,446
Ayurvedic and Herbal products,625,BM337,Organic Brahmi Powder 200 gms,,,,25,469,5,446
Ayurvedic and Herbal products,600,HD334,Organic Haritaki Powder 200 gms,,,,25,450,5,429
Ayurvedic and Herbal products,640,P6122,Organic Jambu beej Powder - 200gms,,,,25,480,5,457
Ayurvedic and Herbal products,640,P6115,Organic Krounchbeej Powder - 200gms,,,,25,480,5,457
Ayurvedic and Herbal products,590,NM336,Organic Neem powder 200 gms,,,,20,472,5,450
Ayurvedic and Herbal products,700,P6108,Organic Punarnava Powder - 200gms,,,,30,490,5,467
Ayurvedic and Herbal products,740,SV335,Organic Shatavari Powder 200 gms,,,,25,555,5,529
Ayurvedic and Herbal products,650,TL332,Organic Triphala Powder 200 gms,,,,25,488,5,464
Ayurvedic and Herbal products,540,C3094,Arjuna 120 capsules,,,,20,432,12,386
Ayurvedic and Herbal products,545,C3100,Ashwagandha 120 capsules,,,,20,436,12,389
Ayurvedic and Herbal products,555,C3117,Brahmi 120 capsules,,,,20,444,12,396
Ayurvedic and Herbal products,565,T3315,Guggul 120 Tablets,,,,20,452,12,404
Ayurvedic and Herbal products,400,T3322,Moringa 120 Tablets,,,,5,380,12,339
Ayurvedic and Herbal products,890,C3254,Musli 120 capsules,,,,35,579,12,517
Ayurvedic and Herbal products,585,C3278,Punarnava 120 capsules,,,,25,439,12,392
Ayurvedic and Herbal products,525,C3193,Senna 120 capsules,,,,20,420,12,375
Ayurvedic and Herbal products,920,C3261,Shilajit 120 capsules,,,,40,552,12,493
Ayurvedic and Herbal products,575,T3308,Triphala 120 Tablets,,,,20,460,12,411
Ayurvedic and Herbal products,680,T9018,Amla 120 Tablets,,,,30,476,12,425
Ayurvedic and Herbal products,730,T9025,Ashwagandha 120 Tablets,,,,30,511,12,456
Ayurvedic and Herbal products,650,T9032,Giloy 120 Tablets,,,,25,488,12,435
Ayurvedic and Herbal products,680,T9049,Jambu 120 Tablets,,,,30,476,12,425
Ayurvedic and Herbal products,830,T9056,Musli 60 Tablets,,,,30,581,12,519
Ayurvedic and Herbal products,705,T9063,Senna 120 Tablets,,,,30,494,12,441
Ayurvedic and Herbal products,750,T9070,Shatavari 120 Tablets,,,,30,525,12,469
Ayurvedic and Herbal products,680,T9087,Tulsi 120 Tablets,,,,25,510,12,455
Ayurvedic and Herbal products,715,T9094,Turmeric 120 Tablets,,,,30,501,12,447
Ayurvedic and Herbal products,675,AR506,ARSOVEDIC - 60 Tablets,,,,25,506,12,452
Ayurvedic and Herbal products,640,CL819,CALCIPLUS - 60 Capsules,,,,25,480,12,429
Ayurvedic and Herbal products,615,DT402,DETOXHERBO - 60 Tablets,,,,20,492,12,439
Ayurvedic and Herbal products,665,DB403,DIABOVEDIC - 60 Tablets,,,,25,499,12,445
Ayurvedic and Herbal products,675,DG404,DIGESHERBO - 60 Tablets,,,,25,506,12,452
Ayurvedic and Herbal products,600,GT005,GAUTYPLUS - 60 Tablets,,,,20,480,12,429
Ayurvedic and Herbal products,650,HE507,HEMOVEDIC - 60 Tablets,,,,25,488,12,435
Ayurvedic and Herbal products,650,KS411,KESHOVEDIC - 60 Tablets,,,,25,488,12,435
Ayurvedic and Herbal products,615,LF085,LIVVEDIC - 60 Tablets,,,,20,492,12,439
Ayurvedic and Herbal products,600,MR215,MIGRAPLUS - 60 Tablets,,,,20,480,12,429
Ayurvedic and Herbal products,590,PC498,PROVEDIC - 60 Tablets,,,,20,472,12,421
Ayurvedic and Herbal products,750,RE479,REVEPLUS - 60 Capsules,,,,30,525,12,469
Ayurvedic and Herbal products,550,ST004,STONVEDIC - 60 Tablets,,,,20,440,12,393
Ayurvedic and Herbal products,700,TR405,TRIMOHERBO - 60 Tablets,,,,30,490,12,438
Ayurvedic and Herbal products,690,AT406,ArthroPlus - 30 Capsule,,,,30,483,12,431
Ayurvedic and Herbal products,675,CM508,CalmPlus - 30 Capsule,,,,30,473,12,422
Ayurvedic and Herbal products,665,FM408,FemoPlus - 30 Capsule,,,,25,499,12,445
Ayurvedic and Herbal products,675,GL407,GlowPlus - 30 Capsule,,,,25,506,12,452
Ayurvedic and Herbal products,665,IM409,ImmunoPlus - 30 Capsule,,,,25,499,12,445
Ayurvedic and Herbal products,670,OC509,OccuPlus- 30 Capsule,,,,25,503,12,449
Ayurvedic and Herbal products,665,SR410,SmrutiPlus - 30 Capsule,,,,25,499,12,445
Ayurvedic and Herbal products,700,VT412,VitoPlus - 30 Capsules,,,,30,490,12,438
Ayurvedic and Herbal products,515,KS060,Kesho Hair Oil 100 ml,,,,15,438,12,391
Ayurvedic and Herbal products,700,AT492,ArthroPlus Joint Care Oil - 100 ml,,,,30,490,12,438
Ayurvedic and Herbal products,565,KS610,Kesho Hair Wash 200ml - Anti Dandruff Hair Lotion,,,,20,452,18,383
Ayurvedic and Herbal products,540,CP0827,Herbo Mud Pack - 50g,,,,20,432,18,366
Ayurvedic and Herbal products,540,CP7168,Herbo Scrub Cream - 50g,,,,20,432,18,366
Ayurvedic and Herbal products,530,GL609,Herbo Aayu Cream - 50g,,,,20,424,18,359
Ayurvedic and Herbal products,450,EC6939,Herbo Under Eye Cream - 25g,,,,10,405,18,343
Ayurvedic and Herbal products,590,SI314,Spirulina 120 Tablets,,,,25,443,12,395
Ayurvedic and Herbal products,500,J4931,DiaboHerbo T - 30 Tea Tablets,,,,15,425,12,379
Ayurvedic and Herbal products,540,T0605,KofHerboT Kwath - 30 Tea Tablets,,,,20,432,12,386
Ayurvedic and Herbal products,525,TR405,TrimoHerbo T - 30 Tea Tablets,,,,15,446,12,398
Ayurvedic and Herbal products,360,SH404,Lemongrass - 200 gms,,,,0,360,12,321
Ayurvedic and Herbal products,428,J6798,Tulsi Ark 30ml drops,,,,5,407,12,363
,,,,,,,,,,
,,,,,,,,,,
,,,,,,,,,,
,,,,,,,,,,
,,,,,,,,,,
,,,,,,,,,,
,,,,,,,,,,
,,,,,,,,,,
,,,,,,,,,,
,,,,,,,,,,
,,,,,,,,,,
,,,,,,,,,,
,,,,,,,,,,
,,,,,,,,,,
,,,,,,,,,,
,,,,,,,,,,
,,,,,,,,,,
,,,,,,,,,,
,,,,,,,,,,
,,,,,,,,,,
,,,,,,,,,,
,,,,,,,,,,
,,,,,,,,,,
,,,,,,,,,,
,,,,,,,,,,
,,,,,,,,,,
,,,,,,,,,,
,,,,,,,,,,
,,,,,,,,,,
,,,,,,,,,,
,,,,,,,,,,
,,,,,,,,,,
,,,,,,,,,,
,,,,,,,,,,
,,,,,,,,,,
,,,,,,,,,,
,,,,,,,,,,
,,,,,,,,,,
,,,,,,,,,,
,,,,,,,,,,
,,,,,,,,,,
,,,,,,,,,,
,,,,,,,,,,
,,,,,,,,,,
,,,,,,,,,,
,,,,,,,,,,
,,,,,,,,,,
,,,,,,,,,,
,,,,,,,,,,
,,,,,,,,,,
,,,,,,,,,,
,,,,,,,,,,
,,,,,,,,,,
,,,,,,,,,,
,,,,,,,,,,
,,,,,,,,,,
,,,,,,,,,,
,,,,,,,,,,
,,,,,,,,,,
,,,,,,,,,,
,,,,,,,,,,
,,,,,,,,,,
,,,,,,,,,,
,,,,,,,,,,
,,,,,,,,,,
,,,,,,,,,,
,,,,,,,,,,
,,,,,,,,,,
,,,,,,,,,,
,,,,,,,,,,
,,,,,,,,,,
,,,,,,,,,,
,,,,,,,,,,
,,,,,,,,,,
,,,,,,,,,,
,,,,,,,,,,
,,,,,,,,,,
,,,,,,,,,,
,,,,,,,,,,
,,,,,,,,,,
,,,,,,,,,,
,,,,,,,,,,
,,,,,,,,,,
,,,,,,,,,,
,,,,,,,,,,
,,,,,,,,,,
,,,,,,,,,,
,,,,,,,,,,
,,,,,,,,,,
,,,,,,,,,,
,,,,,,,,,,
,,,,,,,,,,
,,,,,,,,,,
,,,,,,,,,,
,,,,,,,,,,
,,,,,,,,,,
,,,,,,,,,,
,,,,,,,,,,
,,,,,,,,,,
,,,,,,,,,,
,,,,,,,,,,
,,,,,,,,,,
,,,,,,,,,,
,,,,,,,,,,
,,,,,,,,,,
,,,,,,,,,,
,,,,,,,,,,
,,,,,,,,,,
,,,,,,,,,,
,,,,,,,,,,
,,,,,,,,,,
,,,,,,,,,,
,,,,,,,,,,
,,,,,,,,,,
,,,,,,,,,,
,,,,,,,,,,
,,,,,,,,,,
,,,,,,,,,,
,,,,,,,,,,
,,,,,,,,,,
,,,,,,,,,,
,,,,,,,,,,
,,,,,,,,,,
,,,,,,,,,,
,,,,,,,,,,
,,,,,,,,,,
,,,,,,,,,,
,,,,,,,,,,
,,,,,,,,,,
,,,,,,,,,,
,,,,,,,,,,
,,,,,,,,,,
,,,,,,,,,,
,,,,,,,,,,
,,,,,,,,,,
,,,,,,,,,,
,,,,,,,,,,
,,,,,,,,,,
,,,,,,,,,,
,,,,,,,,,,
,,,,,,,,,,
,,,,,,,,,,
,,,,,,,,,,
,,,,,,,,,,
,,,,,,,,,,
,,,,,,,,,,
,,,,,,,,,,
,,,,,,,,,,
,,,,,,,,,,
,,,,,,,,,,
,,,,,,,,,,
,,,,,,,,,,
,,,,,,,,,,
,,,,,,,,,,
,,,,,,,,,,
,,,,,,,,,,
,,,,,,,,,,
,,,,,,,,,,
,,,,,,,,,,
,,,,,,,,,,
,,,,,,,,,,
,,,,,,,,,,
,,,,,,,,,,
,,,,,,,,,,
,,,,,,,,,,
,,,,,,,,,,
,,,,,,,,,,
,,,,,,,,,,
,,,,,,,,,,
,,,,,,,,,,
,,,,,,,,,,
,,,,,,,,,,
,,,,,,,,,,
,,,,,,,,,,
,,,,,,,,,,
,,,,,,,,,,
,,,,,,,,,,
,,,,,,,,,,
,,,,,,,,,,
,,,,,,,,,,
,,,,,,,,,,
,,,,,,,,,,
,,,,,,,,,,
,,,,,,,,,,
,,,,,,,,,,
,,,,,,,,,,
,,,,,,,,,,
,,,,,,,,,,
,,,,,,,,,,
,,,,,,,,,,
,,,,,,,,,,
,,,,,,,,,,
,,,,,,,,,,
,,,,,,,,,,
,,,,,,,,,,
,,,,,,,,,,
,,,,,,,,,,
,,,,,,,,,,
,,,,,,,,,,
,,,,,,,,,,
,,,,,,,,,,
,,,,,,,,,,
,,,,,,,,,,
,,,,,,,,,,
,,,,,,,,,,
,,,,,,,,,,
,,,,,,,,,,
,,,,,,,,,,
,,,,,,,,,,
,,,,,,,,,,
,,,,,,,,,,
,,,,,,,,,,
,,,,,,,,,,
,,,,,,,,,,
,,,,,,,,,,
,,,,,,,,,,
,,,,,,,,,,
,,,,,,,,,,
,,,,,,,,,,
,,,,,,,,,,
,,,,,,,,,,
,,,,,,,,,,
,,,,,,,,,,
,,,,,,,,,,
,,,,,,,,,,
,,,,,,,,,,
,,,,,,,,,,
,,,,,,,,,,
,,,,,,,,,,
,,,,,,,,,,
,,,,,,,,,,
,,,,,,,,,,
,,,,,,,,,,
,,,,,,,,,,
,,,,,,,,,,
,,,,,,,,,,
,,,,,,,,,,
,,,,,,,,,,
,,,,,,,,,,
,,,,,,,,,,
,,,,,,,,,,
,,,,,,,,,,
,,,,,,,,,,
,,,,,,,,,,
,,,,,,,,,,
,,,,,,,,,,
,,,,,,,,,,
,,,,,,,,,,
,,,,,,,,,,
,,,,,,,,,,
,,,,,,,,,,
,,,,,,,,,,
,,,,,,,,,,
,,,,,,,,,,
,,,,,,,,,,
,,,,,,,,,,
,,,,,,,,,,
,,,,,,,,,,
,,,,,,,,,,
,,,,,,,,,,
,,,,,,,,,,
,,,,,,,,,,
,,,,,,,,,,
,,,,,,,,,,
,,,,,,,,,,
,,,,,,,,,,
,,,,,,,,,,
,,,,,,,,,,
,,,,,,,,,,
,,,,,,,,,,
,,,,,,,,,,
,,,,,,,,,,
,,,,,,,,,,
,,,,,,,,,,
,,,,,,,,,,
,,,,,,,,,,
,,,,,,,,,,
,,,,,,,,,,
,,,,,,,,,,
,,,,,,,,,,
,,,,,,,,,,
,,,,,,,,,,
,,,,,,,,,,
,,,,,,,,,,
,,,,,,,,,,
,,,,,,,,,,
,,,,,,,,,,
,,,,,,,,,,
,,,,,,,,,,
,,,,,,,,,,
,,,,,,,,,,
,,,,,,,,,,
,,,,,,,,,,
,,,,,,,,,,
,,,,,,,,,,
,,,,,,,,,,
,,,,,,,,,,
,,,,,,,,,,
,,,,,,,,,,
,,,,,,,,,,
,,,,,,,,,,
,,,,,,,,,,
,,,,,,,,,,
,,,,,,,,,,
,,,,,,,,,,
,,,,,,,,,,
,,,,,,,,,,
,,,,,,,,,,
,,,,,,,,,,
,,,,,,,,,,
,,,,,,,,,,
,,,,,,,,,,
,,,,,,,,,,
,,,,,,,,,,
,,,,,,,,,,
,,,,,,,,,,
,,,,,,,,,,
,,,,,,,,,,
